,start,end,duration
0,2022-01-01 00:00:00,2022-01-01 00:05:14,0 days 00:05:14
1,2022-01-01 08:16:52,2022-01-02 00:05:22,0 days 15:48:30
2,2022-01-02 08:13:14,2022-01-03 00:05:23,0 days 15:52:09
3,2022-01-03 08:09:40,2022-01-04 00:05:19,0 days 15:55:39
4,2022-01-04 08:06:09,2022-01-05 00:05:09,0 days 15:59:00
5,2022-01-05 08:02:44,2022-01-06 00:04:53,0 days 16:02:09
6,2022-01-06 07:59:24,2022-01-07 00:04:32,0 days 16:05:08
7,2022-01-07 07:56:11,2022-01-08 00:04:05,0 days 16:07:54
8,2022-01-08 07:53:05,2022-01-09 00:03:33,0 days 16:10:28
9,2022-01-09 07:50:08,2022-01-10 00:02:55,0 days 16:12:47
10,2022-01-10 07:47:19,2022-01-11 00:02:12,0 days 16:14:53
11,2022-01-11 07:44:38,2022-01-12 00:01:23,0 days 16:16:45
12,2022-01-12 07:42:07,2022-01-13 00:00:28,0 days 16:18:21
13,2022-01-13 07:39:44,2022-01-13 23:59:26,0 days 16:19:42
14,2022-01-14 07:37:30,2022-01-14 23:58:18,0 days 16:20:48
15,2022-01-15 07:35:25,2022-01-15 23:57:04,0 days 16:21:39
16,2022-01-16 07:33:28,2022-01-16 23:55:42,0 days 16:22:14
17,2022-01-17 07:31:40,2022-01-17 23:54:13,0 days 16:22:33
18,2022-01-18 07:29:59,2022-01-18 23:52:36,0 days 16:22:37
19,2022-01-19 07:28:26,2022-01-19 23:50:50,0 days 16:22:24
20,2022-01-20 07:27:00,2022-01-20 23:48:57,0 days 16:21:57
21,2022-01-21 07:25:41,2022-01-21 23:46:54,0 days 16:21:13
22,2022-01-22 07:24:28,2022-01-22 23:44:42,0 days 16:20:14
23,2022-01-23 07:23:21,2022-01-23 23:42:20,0 days 16:18:59
24,2022-01-24 07:22:19,2022-01-24 23:39:48,0 days 16:17:29
25,2022-01-25 07:21:24,2022-01-25 23:37:06,0 days 16:15:42
26,2022-01-26 07:20:33,2022-01-26 23:34:13,0 days 16:13:40
27,2022-01-27 07:19:49,2022-01-27 23:31:10,0 days 16:11:21
28,2022-01-28 07:19:11,2022-01-28 23:27:57,0 days 16:08:46
29,2022-01-29 07:18:39,2022-01-29 23:24:34,0 days 16:05:55
30,2022-01-30 07:18:14,2022-01-30 23:21:01,0 days 16:02:47
31,2022-01-31 07:17:58,2022-01-31 23:17:19,0 days 15:59:21
32,2022-02-01 07:17:50,2022-02-01 23:13:30,0 days 15:55:40
33,2022-02-02 07:17:51,2022-02-02 23:09:32,0 days 15:51:41
34,2022-02-03 07:18:02,2022-02-03 23:05:29,0 days 15:47:27
35,2022-02-04 07:18:24,2022-02-04 23:01:20,0 days 15:42:56
36,2022-02-05 07:18:55,2022-02-05 22:57:05,0 days 15:38:10
37,2022-02-06 07:19:37,2022-02-06 22:52:47,0 days 15:33:10
38,2022-02-07 07:20:29,2022-02-07 22:48:24,0 days 15:27:55
39,2022-02-08 07:21:31,2022-02-08 22:43:58,0 days 15:22:27
40,2022-02-09 07:22:42,2022-02-09 22:39:28,0 days 15:16:46
41,2022-02-10 07:24:02,2022-02-10 22:34:56,0 days 15:10:54
42,2022-02-11 07:25:30,2022-02-11 22:30:21,0 days 15:04:51
43,2022-02-12 07:27:06,2022-02-12 22:25:43,0 days 14:58:37
44,2022-02-13 07:28:49,2022-02-13 22:21:03,0 days 14:52:14
45,2022-02-14 07:30:39,2022-02-14 22:16:20,0 days 14:45:41
46,2022-02-15 07:32:35,2022-02-15 22:11:35,0 days 14:39:00
47,2022-02-16 07:34:36,2022-02-16 22:06:47,0 days 14:32:11
48,2022-02-17 07:36:42,2022-02-17 22:01:55,0 days 14:25:13
49,2022-02-18 07:38:53,2022-02-18 21:57:01,0 days 14:18:08
50,2022-02-19 07:41:07,2022-02-19 21:52:04,0 days 14:10:57
51,2022-02-20 07:43:24,2022-02-20 21:47:03,0 days 14:03:39
52,2022-02-21 07:45:44,2022-02-21 21:41:59,0 days 13:56:15
53,2022-02-22 07:48:06,2022-02-22 21:36:52,0 days 13:48:46
54,2022-02-23 07:50:31,2022-02-23 21:31:40,0 days 13:41:09
55,2022-02-24 07:52:58,2022-02-24 21:26:26,0 days 13:33:28
56,2022-02-25 07:55:28,2022-02-25 21:21:08,0 days 13:25:40
57,2022-02-26 07:58:00,2022-02-26 21:15:47,0 days 13:17:47
58,2022-02-27 08:00:36,2022-02-27 21:10:24,0 days 13:09:48
59,2022-02-28 08:03:17,2022-02-28 21:04:59,0 days 13:01:42
60,2022-03-01 08:06:01,2022-03-01 20:59:33,0 days 12:53:32
61,2022-03-02 08:08:52,2022-03-02 20:54:06,0 days 12:45:14
62,2022-03-03 08:11:48,2022-03-03 20:48:38,0 days 12:36:50
63,2022-03-04 08:14:51,2022-03-04 20:43:10,0 days 12:28:19
64,2022-03-05 08:18:02,2022-03-05 20:37:42,0 days 12:19:40
65,2022-03-06 08:21:20,2022-03-06 20:32:15,0 days 12:10:55
66,2022-03-07 08:24:46,2022-03-07 20:26:49,0 days 12:02:03
67,2022-03-08 08:28:21,2022-03-08 20:21:23,0 days 11:53:02
68,2022-03-09 08:32:05,2022-03-09 20:15:57,0 days 11:43:52
69,2022-03-10 08:35:58,2022-03-10 20:10:33,0 days 11:34:35
70,2022-03-11 08:40:00,2022-03-11 20:05:08,0 days 11:25:08
71,2022-03-12 08:44:11,2022-03-12 19:59:44,0 days 11:15:33
72,2022-03-13 08:48:31,2022-03-13 19:54:20,0 days 11:05:49
73,2022-03-14 08:53:01,2022-03-14 19:48:55,0 days 10:55:54
74,2022-03-15 08:57:41,2022-03-15 19:43:29,0 days 10:45:48
75,2022-03-16 09:02:30,2022-03-16 19:38:03,0 days 10:35:33
76,2022-03-17 09:07:29,2022-03-17 19:32:35,0 days 10:25:06
77,2022-03-18 09:12:37,2022-03-18 19:27:05,0 days 10:14:28
78,2022-03-19 09:17:56,2022-03-19 19:21:32,0 days 10:03:36
79,2022-03-20 09:23:23,2022-03-20 19:15:57,0 days 09:52:34
80,2022-03-21 09:29:00,2022-03-21 19:10:19,0 days 09:41:19
81,2022-03-22 09:34:47,2022-03-22 19:04:37,0 days 09:29:50
82,2022-03-23 09:40:44,2022-03-23 18:58:52,0 days 09:18:08
83,2022-03-24 09:46:50,2022-03-24 18:53:04,0 days 09:06:14
84,2022-03-25 09:53:07,2022-03-25 18:47:12,0 days 08:54:05
85,2022-03-26 09:59:35,2022-03-26 18:41:16,0 days 08:41:41
86,2022-03-27 10:06:14,2022-03-27 18:35:18,0 days 08:29:04
87,2022-03-28 10:13:06,2022-03-28 18:29:16,0 days 08:16:10
88,2022-03-29 10:20:11,2022-03-29 18:23:12,0 days 08:03:01
89,2022-03-30 10:27:30,2022-03-30 18:17:04,0 days 07:49:34
90,2022-03-31 10:35:05,2022-03-31 18:10:54,0 days 07:35:49
91,2022-04-01 10:42:57,2022-04-01 18:04:42,0 days 07:21:45
92,2022-04-02 10:51:08,2022-04-02 17:58:26,0 days 07:07:18
93,2022-04-03 10:59:38,2022-04-03 17:52:06,0 days 06:52:28
94,2022-04-04 11:08:30,2022-04-04 17:45:42,0 days 06:37:12
95,2022-04-05 11:17:45,2022-04-05 17:39:13,0 days 06:21:28
96,2022-04-06 11:27:24,2022-04-06 17:32:38,0 days 06:05:14
97,2022-04-07 11:37:30,2022-04-07 17:25:56,0 days 05:48:26
98,2022-04-08 11:48:05,2022-04-08 17:19:03,0 days 05:30:58
99,2022-04-09 11:59:11,2022-04-09 17:11:59,0 days 05:12:48
100,2022-04-10 12:10:52,2022-04-10 17:04:40,0 days 04:53:48
101,2022-04-11 12:23:11,2022-04-11 16:57:02,0 days 04:33:51
102,2022-04-12 12:36:15,2022-04-12 16:48:59,0 days 04:12:44
103,2022-04-13 12:50:09,2022-04-13 16:40:22,0 days 03:50:13
104,2022-04-14 13:05:07,2022-04-14 16:31:01,0 days 03:25:54
105,2022-04-15 13:21:27,2022-04-15 16:20:34,0 days 02:59:07
106,2022-04-16 13:39:44,2022-04-16 16:08:25,0 days 02:28:41
107,2022-04-17 14:01:21,2022-04-17 15:53:10,0 days 01:51:49
108,2022-04-18 14:31:46,2022-04-18 15:29:20,0 days 00:57:34
109,2022-05-18 15:59:19,2022-05-18 16:54:13,0 days 00:54:54
110,2022-05-19 15:38:46,2022-05-19 17:17:07,0 days 01:38:21
111,2022-05-20 15:24:42,2022-05-20 17:33:10,0 days 02:08:28
112,2022-05-21 15:13:06,2022-05-21 17:46:23,0 days 02:33:17
113,2022-05-22 15:02:51,2022-05-22 17:57:51,0 days 02:55:00
114,2022-05-23 14:53:28,2022-05-23 18:08:05,0 days 03:14:37
115,2022-05-24 14:44:40,2022-05-24 18:17:21,0 days 03:32:41
116,2022-05-25 14:36:18,2022-05-25 18:25:50,0 days 03:49:32
117,2022-05-26 14:28:16,2022-05-26 18:33:37,0 days 04:05:21
118,2022-05-27 14:20:30,2022-05-27 18:40:49,0 days 04:20:19
119,2022-05-28 14:12:56,2022-05-28 18:47:29,0 days 04:34:33
120,2022-05-29 14:05:34,2022-05-29 18:53:39,0 days 04:48:05
121,2022-05-30 13:58:22,2022-05-30 18:59:24,0 days 05:01:02
122,2022-05-31 13:51:18,2022-05-31 19:04:44,0 days 05:13:26
123,2022-06-01 13:44:23,2022-06-01 19:09:42,0 days 05:25:19
124,2022-06-02 13:37:35,2022-06-02 19:14:19,0 days 05:36:44
125,2022-06-03 13:30:55,2022-06-03 19:18:37,0 days 05:47:42
126,2022-06-04 13:24:22,2022-06-04 19:22:37,0 days 05:58:15
127,2022-06-05 13:17:57,2022-06-05 19:26:21,0 days 06:08:24
128,2022-06-06 13:11:38,2022-06-06 19:29:49,0 days 06:18:11
129,2022-06-07 13:05:26,2022-06-07 19:33:04,0 days 06:27:38
130,2022-06-08 12:59:21,2022-06-08 19:36:05,0 days 06:36:44
131,2022-06-09 12:53:22,2022-06-09 19:38:54,0 days 06:45:32
132,2022-06-10 12:47:29,2022-06-10 19:41:31,0 days 06:54:02
133,2022-06-11 12:41:42,2022-06-11 19:43:57,0 days 07:02:15
134,2022-06-12 12:36:00,2022-06-12 19:46:13,0 days 07:10:13
135,2022-06-13 12:30:22,2022-06-13 19:48:19,0 days 07:17:57
136,2022-06-14 12:24:48,2022-06-14 19:50:14,0 days 07:25:26
137,2022-06-15 12:19:17,2022-06-15 19:52:00,0 days 07:32:43
138,2022-06-16 12:13:48,2022-06-16 19:53:36,0 days 07:39:48
139,2022-06-17 12:08:21,2022-06-17 19:55:01,0 days 07:46:40
140,2022-06-18 12:02:55,2022-06-18 19:56:16,0 days 07:53:21
141,2022-06-19 11:57:30,2022-06-19 19:57:21,0 days 07:59:51
142,2022-06-20 11:52:05,2022-06-20 19:58:15,0 days 08:06:10
143,2022-06-21 11:46:42,2022-06-21 19:58:59,0 days 08:12:17
144,2022-06-22 11:41:19,2022-06-22 19:59:33,0 days 08:18:14
145,2022-06-23 11:35:58,2022-06-23 19:59:57,0 days 08:23:59
146,2022-06-24 11:30:38,2022-06-24 20:00:12,0 days 08:29:34
147,2022-06-25 11:25:21,2022-06-25 20:00:18,0 days 08:34:57
148,2022-06-26 11:20:06,2022-06-26 20:00:15,0 days 08:40:09
149,2022-06-27 11:14:53,2022-06-27 20:00:04,0 days 08:45:11
150,2022-06-28 11:09:45,2022-06-28 19:59:46,0 days 08:50:01
151,2022-06-29 11:04:40,2022-06-29 19:59:21,0 days 08:54:41
152,2022-06-30 10:59:39,2022-06-30 19:58:49,0 days 08:59:10
153,2022-07-01 10:54:43,2022-07-01 19:58:11,0 days 09:03:28
154,2022-07-02 10:49:53,2022-07-02 19:57:29,0 days 09:07:36
155,2022-07-03 10:45:08,2022-07-03 19:56:41,0 days 09:11:33
156,2022-07-04 10:40:29,2022-07-04 19:55:50,0 days 09:15:21
157,2022-07-05 10:35:55,2022-07-05 19:54:55,0 days 09:19:00
158,2022-07-06 10:31:28,2022-07-06 19:53:57,0 days 09:22:29
159,2022-07-07 10:27:07,2022-07-07 19:52:57,0 days 09:25:50
160,2022-07-08 10:22:52,2022-07-08 19:51:55,0 days 09:29:03
161,2022-07-09 10:18:43,2022-07-09 19:50:51,0 days 09:32:08
162,2022-07-10 10:14:40,2022-07-10 19:49:45,0 days 09:35:05
163,2022-07-11 10:10:42,2022-07-11 19:48:38,0 days 09:37:56
164,2022-07-12 10:06:49,2022-07-12 19:47:29,0 days 09:40:40
165,2022-07-13 10:03:01,2022-07-13 19:46:18,0 days 09:43:17
166,2022-07-14 09:59:16,2022-07-14 19:45:05,0 days 09:45:49
167,2022-07-15 09:55:35,2022-07-15 19:43:49,0 days 09:48:14
168,2022-07-16 09:51:56,2022-07-16 19:42:29,0 days 09:50:33
169,2022-07-17 09:48:21,2022-07-17 19:41:06,0 days 09:52:45
170,2022-07-18 09:44:49,2022-07-18 19:39:39,0 days 09:54:50
171,2022-07-19 09:41:21,2022-07-19 19:38:08,0 days 09:56:47
172,2022-07-20 09:37:56,2022-07-20 19:36:33,0 days 09:58:37
173,2022-07-21 09:34:34,2022-07-21 19:34:54,0 days 10:00:20
174,2022-07-22 09:31:17,2022-07-22 19:33:12,0 days 10:01:55
175,2022-07-23 09:28:05,2022-07-23 19:31:26,0 days 10:03:21
176,2022-07-24 09:24:58,2022-07-24 19:29:37,0 days 10:04:39
177,2022-07-25 09:21:57,2022-07-25 19:27:45,0 days 10:05:48
178,2022-07-26 09:19:02,2022-07-26 19:25:51,0 days 10:06:49
179,2022-07-27 09:16:13,2022-07-27 19:23:54,0 days 10:07:41
180,2022-07-28 09:13:31,2022-07-28 19:21:57,0 days 10:08:26
181,2022-07-29 09:10:56,2022-07-29 19:19:59,0 days 10:09:03
182,2022-07-30 09:08:30,2022-07-30 19:18:00,0 days 10:09:30
183,2022-07-31 09:06:11,2022-07-31 19:16:02,0 days 10:09:51
184,2022-08-01 09:04:00,2022-08-01 19:14:05,0 days 10:10:05
185,2022-08-02 09:01:58,2022-08-02 19:12:09,0 days 10:10:11
186,2022-08-03 09:00:04,2022-08-03 19:10:16,0 days 10:10:12
187,2022-08-04 08:58:19,2022-08-04 19:08:25,0 days 10:10:06
188,2022-08-05 08:56:42,2022-08-05 19:06:36,0 days 10:09:54
189,2022-08-06 08:55:13,2022-08-06 19:04:51,0 days 10:09:38
190,2022-08-07 08:53:53,2022-08-07 19:03:10,0 days 10:09:17
191,2022-08-08 08:52:40,2022-08-08 19:01:31,0 days 10:08:51
192,2022-08-09 08:51:35,2022-08-09 18:59:56,0 days 10:08:21
193,2022-08-10 08:50:36,2022-08-10 18:58:24,0 days 10:07:48
194,2022-08-11 08:49:44,2022-08-11 18:56:54,0 days 10:07:10
195,2022-08-12 08:48:59,2022-08-12 18:55:26,0 days 10:06:27
196,2022-08-13 08:48:19,2022-08-13 18:53:59,0 days 10:05:40
197,2022-08-14 08:47:46,2022-08-14 18:52:34,0 days 10:04:48
198,2022-08-15 08:47:19,2022-08-15 18:51:10,0 days 10:03:51
199,2022-08-16 08:46:57,2022-08-16 18:49:45,0 days 10:02:48
200,2022-08-17 08:46:43,2022-08-17 18:48:22,0 days 10:01:39
201,2022-08-18 08:46:35,2022-08-18 18:46:59,0 days 10:00:24
202,2022-08-19 08:46:34,2022-08-19 18:45:36,0 days 09:59:02
203,2022-08-20 08:46:41,2022-08-20 18:44:15,0 days 09:57:34
204,2022-08-21 08:46:55,2022-08-21 18:42:55,0 days 09:56:00
205,2022-08-22 08:47:18,2022-08-22 18:41:36,0 days 09:54:18
206,2022-08-23 08:47:50,2022-08-23 18:40:19,0 days 09:52:29
207,2022-08-24 08:48:30,2022-08-24 18:39:05,0 days 09:50:35
208,2022-08-25 08:49:20,2022-08-25 18:37:54,0 days 09:48:34
209,2022-08-26 08:50:20,2022-08-26 18:36:47,0 days 09:46:27
210,2022-08-27 08:51:29,2022-08-27 18:35:44,0 days 09:44:15
211,2022-08-28 08:52:49,2022-08-28 18:34:46,0 days 09:41:57
212,2022-08-29 08:54:18,2022-08-29 18:33:54,0 days 09:39:36
213,2022-08-30 08:55:59,2022-08-30 18:33:09,0 days 09:37:10
214,2022-08-31 08:57:49,2022-08-31 18:32:31,0 days 09:34:42
215,2022-09-01 08:59:50,2022-09-01 18:32:01,0 days 09:32:11
216,2022-09-02 09:02:02,2022-09-02 18:31:40,0 days 09:29:38
217,2022-09-03 09:04:23,2022-09-03 18:31:27,0 days 09:27:04
218,2022-09-04 09:06:54,2022-09-04 18:31:24,0 days 09:24:30
219,2022-09-05 09:09:34,2022-09-05 18:31:30,0 days 09:21:56
220,2022-09-06 09:12:23,2022-09-06 18:31:45,0 days 09:19:22
221,2022-09-07 09:15:20,2022-09-07 18:32:10,0 days 09:16:50
222,2022-09-08 09:18:26,2022-09-08 18:32:43,0 days 09:14:17
223,2022-09-09 09:21:39,2022-09-09 18:33:25,0 days 09:11:46
224,2022-09-10 09:24:59,2022-09-10 18:34:14,0 days 09:09:15
225,2022-09-11 09:28:25,2022-09-11 18:35:11,0 days 09:06:46
226,2022-09-12 09:31:58,2022-09-12 18:36:15,0 days 09:04:17
227,2022-09-13 09:35:37,2022-09-13 18:37:25,0 days 09:01:48
228,2022-09-14 09:39:22,2022-09-14 18:38:42,0 days 08:59:20
229,2022-09-15 09:43:11,2022-09-15 18:40:05,0 days 08:56:54
230,2022-09-16 09:47:06,2022-09-16 18:41:35,0 days 08:54:29
231,2022-09-17 09:51:05,2022-09-17 18:43:11,0 days 08:52:06
232,2022-09-18 09:55:07,2022-09-18 18:44:54,0 days 08:49:47
233,2022-09-19 09:59:13,2022-09-19 18:46:43,0 days 08:47:30
234,2022-09-20 10:03:22,2022-09-20 18:48:39,0 days 08:45:17
235,2022-09-21 10:07:33,2022-09-21 18:50:43,0 days 08:43:10
236,2022-09-22 10:11:45,2022-09-22 18:52:55,0 days 08:41:10
237,2022-09-23 10:15:58,2022-09-23 18:55:14,0 days 08:39:16
238,2022-09-24 10:20:10,2022-09-24 18:57:43,0 days 08:37:33
239,2022-09-25 10:24:22,2022-09-25 19:00:20,0 days 08:35:58
240,2022-09-26 10:28:31,2022-09-26 19:03:07,0 days 08:34:36
241,2022-09-27 10:32:38,2022-09-27 19:06:03,0 days 08:33:25
242,2022-09-28 10:36:42,2022-09-28 19:09:11,0 days 08:32:29
243,2022-09-29 10:40:41,2022-09-29 19:12:28,0 days 08:31:47
244,2022-09-30 10:44:35,2022-09-30 19:15:57,0 days 08:31:22
245,2022-10-01 10:48:24,2022-10-01 19:19:36,0 days 08:31:12
246,2022-10-02 10:52:06,2022-10-02 19:23:26,0 days 08:31:20
247,2022-10-03 10:55:42,2022-10-03 19:27:25,0 days 08:31:43
248,2022-10-04 10:59:10,2022-10-04 19:31:34,0 days 08:32:24
249,2022-10-05 11:02:30,2022-10-05 19:35:51,0 days 08:33:21
250,2022-10-06 11:05:43,2022-10-06 19:40:15,0 days 08:34:32
251,2022-10-07 11:08:47,2022-10-07 19:44:45,0 days 08:35:58
252,2022-10-08 11:11:43,2022-10-08 19:49:20,0 days 08:37:37
253,2022-10-09 11:14:29,2022-10-09 19:53:58,0 days 08:39:29
254,2022-10-10 11:17:07,2022-10-10 19:58:37,0 days 08:41:30
255,2022-10-11 11:19:35,2022-10-11 20:03:18,0 days 08:43:43
256,2022-10-12 11:21:53,2022-10-12 20:07:58,0 days 08:46:05
257,2022-10-13 11:24:01,2022-10-13 20:12:37,0 days 08:48:36
258,2022-10-14 11:25:58,2022-10-14 20:17:13,0 days 08:51:15
259,2022-10-15 11:27:46,2022-10-15 20:21:46,0 days 08:54:00
260,2022-10-16 11:29:22,2022-10-16 20:26:16,0 days 08:56:54
261,2022-10-17 11:30:48,2022-10-17 20:30:41,0 days 08:59:53
262,2022-10-18 11:32:02,2022-10-18 20:35:02,0 days 09:03:00
263,2022-10-19 11:33:06,2022-10-19 20:39:18,0 days 09:06:12
264,2022-10-20 11:33:58,2022-10-20 20:43:28,0 days 09:09:30
265,2022-10-21 11:34:38,2022-10-21 20:47:33,0 days 09:12:55
266,2022-10-22 11:35:08,2022-10-22 20:51:33,0 days 09:16:25
267,2022-10-23 11:35:25,2022-10-23 20:55:27,0 days 09:20:02
268,2022-10-24 11:35:32,2022-10-24 20:59:17,0 days 09:23:45
269,2022-10-25 11:35:27,2022-10-25 21:03:01,0 days 09:27:34
270,2022-10-26 11:35:12,2022-10-26 21:06:41,0 days 09:31:29
271,2022-10-27 11:34:46,2022-10-27 21:10:18,0 days 09:35:32
272,2022-10-28 11:34:11,2022-10-28 21:13:51,0 days 09:39:40
273,2022-10-29 11:33:26,2022-10-29 21:17:21,0 days 09:43:55
274,2022-10-30 11:32:32,2022-10-30 21:20:49,0 days 09:48:17
275,2022-10-31 11:31:31,2022-10-31 21:24:14,0 days 09:52:43
276,2022-11-01 11:30:22,2022-11-01 21:27:36,0 days 09:57:14
277,2022-11-02 11:29:07,2022-11-02 21:30:56,0 days 10:01:49
278,2022-11-03 11:27:45,2022-11-03 21:34:13,0 days 10:06:28
279,2022-11-04 11:26:18,2022-11-04 21:37:27,0 days 10:11:09
280,2022-11-05 11:24:45,2022-11-05 21:40:37,0 days 10:15:52
281,2022-11-06 11:23:07,2022-11-06 21:43:44,0 days 10:20:37
282,2022-11-07 11:21:24,2022-11-07 21:46:47,0 days 10:25:23
283,2022-11-08 11:19:36,2022-11-08 21:49:44,0 days 10:30:08
284,2022-11-09 11:17:42,2022-11-09 21:52:37,0 days 10:34:55
285,2022-11-10 11:15:43,2022-11-10 21:55:24,0 days 10:39:41
286,2022-11-11 11:13:38,2022-11-11 21:58:06,0 days 10:44:28
287,2022-11-12 11:11:27,2022-11-12 22:00:42,0 days 10:49:15
288,2022-11-13 11:09:11,2022-11-13 22:03:12,0 days 10:54:01
289,2022-11-14 11:06:48,2022-11-14 22:05:36,0 days 10:58:48
290,2022-11-15 11:04:19,2022-11-15 22:07:54,0 days 11:03:35
291,2022-11-16 11:01:43,2022-11-16 22:10:05,0 days 11:08:22
292,2022-11-17 10:59:00,2022-11-17 22:12:11,0 days 11:13:11
293,2022-11-18 10:56:11,2022-11-18 22:14:10,0 days 11:17:59
294,2022-11-19 10:53:14,2022-11-19 22:16:04,0 days 11:22:50
295,2022-11-20 10:50:10,2022-11-20 22:17:52,0 days 11:27:42
296,2022-11-21 10:47:00,2022-11-21 22:19:35,0 days 11:32:35
297,2022-11-22 10:43:42,2022-11-22 22:21:13,0 days 11:37:31
298,2022-11-23 10:40:17,2022-11-23 22:22:47,0 days 11:42:30
299,2022-11-24 10:36:46,2022-11-24 22:24:17,0 days 11:47:31
300,2022-11-25 10:33:09,2022-11-25 22:25:44,0 days 11:52:35
301,2022-11-26 10:29:26,2022-11-26 22:27:09,0 days 11:57:43
302,2022-11-27 10:25:39,2022-11-27 22:28:32,0 days 12:02:53
303,2022-11-28 10:21:48,2022-11-28 22:29:55,0 days 12:08:07
304,2022-11-29 10:17:54,2022-11-29 22:31:16,0 days 12:13:22
305,2022-11-30 10:13:57,2022-11-30 22:32:37,0 days 12:18:40
306,2022-12-01 10:09:58,2022-12-01 22:33:58,0 days 12:24:00
307,2022-12-02 10:05:57,2022-12-02 22:35:19,0 days 12:29:22
308,2022-12-03 10:01:55,2022-12-03 22:36:39,0 days 12:34:44
309,2022-12-04 09:57:50,2022-12-04 22:37:58,0 days 12:40:08
310,2022-12-05 09:53:44,2022-12-05 22:39:17,0 days 12:45:33
311,2022-12-06 09:49:36,2022-12-06 22:40:34,0 days 12:50:58
312,2022-12-07 09:45:27,2022-12-07 22:41:50,0 days 12:56:23
313,2022-12-08 09:41:15,2022-12-08 22:43:05,0 days 13:01:50
314,2022-12-09 09:37:00,2022-12-09 22:44:17,0 days 13:07:17
315,2022-12-10 09:32:44,2022-12-10 22:45:27,0 days 13:12:43
316,2022-12-11 09:28:24,2022-12-11 22:46:35,0 days 13:18:11
317,2022-12-12 09:24:01,2022-12-12 22:47:40,0 days 13:23:39
318,2022-12-13 09:19:34,2022-12-13 22:48:42,0 days 13:29:08
319,2022-12-14 09:15:05,2022-12-14 22:49:41,0 days 13:34:36
320,2022-12-15 09:10:31,2022-12-15 22:50:37,0 days 13:40:06
321,2022-12-16 09:05:53,2022-12-16 22:51:29,0 days 13:45:36
322,2022-12-17 09:01:12,2022-12-17 22:52:17,0 days 13:51:05
323,2022-12-18 08:56:26,2022-12-18 22:53:02,0 days 13:56:36
324,2022-12-19 08:51:37,2022-12-19 22:53:43,0 days 14:02:06
325,2022-12-20 08:46:45,2022-12-20 22:54:21,0 days 14:07:36
326,2022-12-21 08:41:50,2022-12-21 22:54:55,0 days 14:13:05
327,2022-12-22 08:36:52,2022-12-22 22:55:27,0 days 14:18:35
328,2022-12-23 08:31:53,2022-12-23 22:55:56,0 days 14:24:03
329,2022-12-24 08:26:54,2022-12-24 22:56:23,0 days 14:29:29
330,2022-12-25 08:21:55,2022-12-25 22:56:49,0 days 14:34:54
331,2022-12-26 08:16:58,2022-12-26 22:57:14,0 days 14:40:16
332,2022-12-27 08:12:04,2022-12-27 22:57:39,0 days 14:45:35
333,2022-12-28 08:07:14,2022-12-28 22:58:04,0 days 14:50:50
334,2022-12-29 08:02:28,2022-12-29 22:58:29,0 days 14:56:01
335,2022-12-30 07:57:47,2022-12-30 22:58:54,0 days 15:01:07
336,2022-12-31 07:53:11,2022-12-31 22:59:19,0 days 15:06:08
337,2023-01-01 07:48:40,2023-01-01 22:59:44,0 days 15:11:04
338,2023-01-02 07:44:15,2023-01-02 23:00:08,0 days 15:15:53
339,2023-01-03 07:39:56,2023-01-03 23:00:31,0 days 15:20:35
340,2023-01-04 07:35:41,2023-01-04 23:00:54,0 days 15:25:13
341,2023-01-05 07:31:33,2023-01-05 23:01:14,0 days 15:29:41
342,2023-01-06 07:27:29,2023-01-06 23:01:33,0 days 15:34:04
343,2023-01-07 07:23:31,2023-01-07 23:01:48,0 days 15:38:17
344,2023-01-08 07:19:37,2023-01-08 23:02:01,0 days 15:42:24
345,2023-01-09 07:15:49,2023-01-09 23:02:10,0 days 15:46:21
346,2023-01-10 07:12:06,2023-01-10 23:02:15,0 days 15:50:09
347,2023-01-11 07:08:28,2023-01-11 23:02:15,0 days 15:53:47
348,2023-01-12 07:04:55,2023-01-12 23:02:10,0 days 15:57:15
349,2023-01-13 07:01:27,2023-01-13 23:02:00,0 days 16:00:33
350,2023-01-14 06:58:04,2023-01-14 23:01:43,0 days 16:03:39
351,2023-01-15 06:54:47,2023-01-15 23:01:20,0 days 16:06:33
352,2023-01-16 06:51:37,2023-01-16 23:00:51,0 days 16:09:14
353,2023-01-17 06:48:33,2023-01-17 23:00:14,0 days 16:11:41
354,2023-01-18 06:45:36,2023-01-18 22:59:30,0 days 16:13:54
355,2023-01-19 06:42:48,2023-01-19 22:58:39,0 days 16:15:51
356,2023-01-20 06:40:10,2023-01-20 22:57:42,0 days 16:17:32
357,2023-01-21 06:37:42,2023-01-21 22:56:38,0 days 16:18:56
358,2023-01-22 06:35:26,2023-01-22 22:55:27,0 days 16:20:01
359,2023-01-23 06:33:24,2023-01-23 22:54:12,0 days 16:20:48
360,2023-01-24 06:31:36,2023-01-24 22:52:51,0 days 16:21:15
361,2023-01-25 06:30:03,2023-01-25 22:51:26,0 days 16:21:23
362,2023-01-26 06:28:45,2023-01-26 22:49:56,0 days 16:21:11
363,2023-01-27 06:27:42,2023-01-27 22:48:22,0 days 16:20:40
364,2023-01-28 06:26:56,2023-01-28 22:46:45,0 days 16:19:49
365,2023-01-29 06:26:24,2023-01-29 22:45:03,0 days 16:18:39
366,2023-01-30 06:26:07,2023-01-30 22:43:16,0 days 16:17:09
367,2023-01-31 06:26:05,2023-01-31 22:41:26,0 days 16:15:21
368,2023-02-01 06:26:17,2023-02-01 22:39:31,0 days 16:13:14
369,2023-02-02 06:26:42,2023-02-02 22:37:31,0 days 16:10:49
370,2023-02-03 06:27:20,2023-02-03 22:35:26,0 days 16:08:06
371,2023-02-04 06:28:11,2023-02-04 22:33:16,0 days 16:05:05
372,2023-02-05 06:29:12,2023-02-05 22:31:00,0 days 16:01:48
373,2023-02-06 06:30:25,2023-02-06 22:28:39,0 days 15:58:14
374,2023-02-07 06:31:48,2023-02-07 22:26:12,0 days 15:54:24
375,2023-02-08 06:33:20,2023-02-08 22:23:39,0 days 15:50:19
376,2023-02-09 06:35:02,2023-02-09 22:20:59,0 days 15:45:57
377,2023-02-10 06:36:52,2023-02-10 22:18:14,0 days 15:41:22
378,2023-02-11 06:38:50,2023-02-11 22:15:21,0 days 15:36:31
379,2023-02-12 06:40:56,2023-02-12 22:12:22,0 days 15:31:26
380,2023-02-13 06:43:09,2023-02-13 22:09:17,0 days 15:26:08
381,2023-02-14 06:45:30,2023-02-14 22:06:04,0 days 15:20:34
382,2023-02-15 06:47:58,2023-02-15 22:02:46,0 days 15:14:48
383,2023-02-16 06:50:34,2023-02-16 21:59:22,0 days 15:08:48
384,2023-02-17 06:53:17,2023-02-17 21:55:52,0 days 15:02:35
385,2023-02-18 06:56:08,2023-02-18 21:52:17,0 days 14:56:09
386,2023-02-19 06:59:08,2023-02-19 21:48:38,0 days 14:49:30
387,2023-02-20 07:02:18,2023-02-20 21:44:55,0 days 14:42:37
388,2023-02-21 07:05:37,2023-02-21 21:41:10,0 days 14:35:33
389,2023-02-22 07:09:06,2023-02-22 21:37:21,0 days 14:28:15
390,2023-02-23 07:12:46,2023-02-23 21:33:31,0 days 14:20:45
391,2023-02-24 07:16:37,2023-02-24 21:29:39,0 days 14:13:02
392,2023-02-25 07:20:37,2023-02-25 21:25:46,0 days 14:05:09
393,2023-02-26 07:24:48,2023-02-26 21:21:51,0 days 13:57:03
394,2023-02-27 07:29:08,2023-02-27 21:17:55,0 days 13:48:47
395,2023-02-28 07:33:37,2023-02-28 21:13:58,0 days 13:40:21
396,2023-03-01 07:38:15,2023-03-01 21:09:59,0 days 13:31:44
397,2023-03-02 07:43:02,2023-03-02 21:05:58,0 days 13:22:56
398,2023-03-03 07:47:56,2023-03-03 21:01:56,0 days 13:14:00
399,2023-03-04 07:52:58,2023-03-04 20:57:52,0 days 13:04:54
400,2023-03-05 07:58:07,2023-03-05 20:53:46,0 days 12:55:39
401,2023-03-06 08:03:23,2023-03-06 20:49:37,0 days 12:46:14
402,2023-03-07 08:08:45,2023-03-07 20:45:26,0 days 12:36:41
403,2023-03-08 08:14:14,2023-03-08 20:41:12,0 days 12:26:58
404,2023-03-09 08:19:49,2023-03-09 20:36:55,0 days 12:17:06
405,2023-03-10 08:25:29,2023-03-10 20:32:35,0 days 12:07:06
406,2023-03-11 08:31:15,2023-03-11 20:28:11,0 days 11:56:56
407,2023-03-12 08:37:06,2023-03-12 20:23:44,0 days 11:46:38
408,2023-03-13 08:43:02,2023-03-13 20:19:12,0 days 11:36:10
409,2023-03-14 08:49:03,2023-03-14 20:14:37,0 days 11:25:34
410,2023-03-15 08:55:10,2023-03-15 20:09:58,0 days 11:14:48
411,2023-03-16 09:01:23,2023-03-16 20:05:16,0 days 11:03:53
412,2023-03-17 09:07:42,2023-03-17 20:00:29,0 days 10:52:47
413,2023-03-18 09:14:07,2023-03-18 19:55:40,0 days 10:41:33
414,2023-03-19 09:20:40,2023-03-19 19:50:47,0 days 10:30:07
415,2023-03-20 09:27:21,2023-03-20 19:45:52,0 days 10:18:31
416,2023-03-21 09:34:12,2023-03-21 19:40:54,0 days 10:06:42
417,2023-03-22 09:41:13,2023-03-22 19:35:54,0 days 09:54:41
418,2023-03-23 09:48:25,2023-03-23 19:30:52,0 days 09:42:27
419,2023-03-24 09:55:50,2023-03-24 19:25:47,0 days 09:29:57
420,2023-03-25 10:03:28,2023-03-25 19:20:41,0 days 09:17:13
421,2023-03-26 10:11:20,2023-03-26 19:15:33,0 days 09:04:13
422,2023-03-27 10:19:27,2023-03-27 19:10:21,0 days 08:50:54
423,2023-03-28 10:27:49,2023-03-28 19:05:07,0 days 08:37:18
424,2023-03-29 10:36:28,2023-03-29 18:59:50,0 days 08:23:22
425,2023-03-30 10:45:23,2023-03-30 18:54:29,0 days 08:09:06
426,2023-03-31 10:54:35,2023-03-31 18:49:04,0 days 07:54:29
427,2023-04-01 11:04:04,2023-04-01 18:43:34,0 days 07:39:30
428,2023-04-02 11:13:52,2023-04-02 18:37:57,0 days 07:24:05
429,2023-04-03 11:23:59,2023-04-03 18:32:15,0 days 07:08:16
430,2023-04-04 11:34:25,2023-04-04 18:26:25,0 days 06:52:00
431,2023-04-05 11:45:11,2023-04-05 18:20:26,0 days 06:35:15
432,2023-04-06 11:56:18,2023-04-06 18:14:17,0 days 06:17:59
433,2023-04-07 12:07:46,2023-04-07 18:07:57,0 days 06:00:11
434,2023-04-08 12:19:37,2023-04-08 18:01:23,0 days 05:41:46
435,2023-04-09 12:31:51,2023-04-09 17:54:34,0 days 05:22:43
436,2023-04-10 12:44:29,2023-04-10 17:47:28,0 days 05:02:59
437,2023-04-11 12:57:35,2023-04-11 17:40:01,0 days 04:42:26
438,2023-04-12 13:11:11,2023-04-12 17:32:08,0 days 04:20:57
439,2023-04-13 13:25:21,2023-04-13 17:23:46,0 days 03:58:25
440,2023-04-14 13:40:13,2023-04-14 17:14:44,0 days 03:34:31
441,2023-04-15 13:55:59,2023-04-15 17:04:50,0 days 03:08:51
442,2023-04-16 14:13:02,2023-04-16 16:53:42,0 days 02:40:40
443,2023-04-17 14:32:06,2023-04-17 16:40:32,0 days 02:08:26
444,2023-04-18 14:55:20,2023-04-18 16:23:13,0 days 01:27:53
445,2023-05-21 16:34:21,2023-05-21 16:45:53,0 days 00:11:32
446,2023-05-22 16:02:05,2023-05-22 17:17:06,0 days 01:15:01
447,2023-05-23 15:45:56,2023-05-23 17:31:58,0 days 01:46:02
448,2023-05-24 15:33:04,2023-05-24 17:43:19,0 days 02:10:15
449,2023-05-25 15:21:53,2023-05-25 17:52:47,0 days 02:30:54
450,2023-05-26 15:11:44,2023-05-26 18:01:01,0 days 02:49:17
451,2023-05-27 15:02:20,2023-05-27 18:08:20,0 days 03:06:00
452,2023-05-28 14:53:28,2023-05-28 18:14:56,0 days 03:21:28
453,2023-05-29 14:45:02,2023-05-29 18:20:58,0 days 03:35:56
454,2023-05-30 14:36:58,2023-05-30 18:26:29,0 days 03:49:31
455,2023-05-31 14:29:10,2023-05-31 18:31:35,0 days 04:02:25
456,2023-06-01 14:21:37,2023-06-01 18:36:18,0 days 04:14:41
457,2023-06-02 14:14:16,2023-06-02 18:40:41,0 days 04:26:25
458,2023-06-03 14:07:05,2023-06-03 18:44:44,0 days 04:37:39
459,2023-06-04 14:00:02,2023-06-04 18:48:30,0 days 04:48:28
460,2023-06-05 13:53:06,2023-06-05 18:52:00,0 days 04:58:54
461,2023-06-06 13:46:16,2023-06-06 18:55:13,0 days 05:08:57
462,2023-06-07 13:39:30,2023-06-07 18:58:11,0 days 05:18:41
463,2023-06-08 13:32:46,2023-06-08 19:00:54,0 days 05:28:08
464,2023-06-09 13:26:05,2023-06-09 19:03:22,0 days 05:37:17
465,2023-06-10 13:19:26,2023-06-10 19:05:37,0 days 05:46:11
466,2023-06-11 13:12:48,2023-06-11 19:07:37,0 days 05:54:49
467,2023-06-12 13:06:11,2023-06-12 19:09:24,0 days 06:03:13
468,2023-06-13 12:59:35,2023-06-13 19:10:59,0 days 06:11:24
469,2023-06-14 12:53:01,2023-06-14 19:12:21,0 days 06:19:20
470,2023-06-15 12:46:29,2023-06-15 19:13:32,0 days 06:27:03
471,2023-06-16 12:39:58,2023-06-16 19:14:32,0 days 06:34:34
472,2023-06-17 12:33:31,2023-06-17 19:15:22,0 days 06:41:51
473,2023-06-18 12:27:06,2023-06-18 19:16:03,0 days 06:48:57
474,2023-06-19 12:20:45,2023-06-19 19:16:35,0 days 06:55:50
475,2023-06-20 12:14:29,2023-06-20 19:17:00,0 days 07:02:31
476,2023-06-21 12:08:17,2023-06-21 19:17:17,0 days 07:09:00
477,2023-06-22 12:02:09,2023-06-22 19:17:28,0 days 07:15:19
478,2023-06-23 11:56:07,2023-06-23 19:17:33,0 days 07:21:26
479,2023-06-24 11:50:10,2023-06-24 19:17:33,0 days 07:27:23
480,2023-06-25 11:44:19,2023-06-25 19:17:28,0 days 07:33:09
481,2023-06-26 11:38:33,2023-06-26 19:17:19,0 days 07:38:46
482,2023-06-27 11:32:53,2023-06-27 19:17:06,0 days 07:44:13
483,2023-06-28 11:27:19,2023-06-28 19:16:50,0 days 07:49:31
484,2023-06-29 11:21:50,2023-06-29 19:16:30,0 days 07:54:40
485,2023-06-30 11:16:26,2023-06-30 19:16:08,0 days 07:59:42
486,2023-07-01 11:11:07,2023-07-01 19:15:42,0 days 08:04:35
487,2023-07-02 11:05:52,2023-07-02 19:15:14,0 days 08:09:22
488,2023-07-03 11:00:41,2023-07-03 19:14:42,0 days 08:14:01
489,2023-07-04 10:55:34,2023-07-04 19:14:07,0 days 08:18:33
490,2023-07-05 10:50:30,2023-07-05 19:13:28,0 days 08:22:58
491,2023-07-06 10:45:28,2023-07-06 19:12:45,0 days 08:27:17
492,2023-07-07 10:40:29,2023-07-07 19:11:57,0 days 08:31:28
493,2023-07-08 10:35:32,2023-07-08 19:11:04,0 days 08:35:32
494,2023-07-09 10:30:37,2023-07-09 19:10:07,0 days 08:39:30
495,2023-07-10 10:25:45,2023-07-10 19:09:04,0 days 08:43:19
496,2023-07-11 10:20:57,2023-07-11 19:07:57,0 days 08:47:00
497,2023-07-12 10:16:11,2023-07-12 19:06:46,0 days 08:50:35
498,2023-07-13 10:11:30,2023-07-13 19:05:31,0 days 08:54:01
499,2023-07-14 10:06:54,2023-07-14 19:04:12,0 days 08:57:18
500,2023-07-15 10:02:22,2023-07-15 19:02:50,0 days 09:00:28
501,2023-07-16 09:57:56,2023-07-16 19:01:26,0 days 09:03:30
502,2023-07-17 09:53:36,2023-07-17 19:00:00,0 days 09:06:24
503,2023-07-18 09:49:23,2023-07-18 18:58:32,0 days 09:09:09
504,2023-07-19 09:45:16,2023-07-19 18:57:04,0 days 09:11:48
505,2023-07-20 09:41:16,2023-07-20 18:55:35,0 days 09:14:19
506,2023-07-21 09:37:24,2023-07-21 18:54:07,0 days 09:16:43
507,2023-07-22 09:33:39,2023-07-22 18:52:39,0 days 09:19:00
508,2023-07-23 09:30:02,2023-07-23 18:51:13,0 days 09:21:11
509,2023-07-24 09:26:33,2023-07-24 18:49:49,0 days 09:23:16
510,2023-07-25 09:23:11,2023-07-25 18:48:26,0 days 09:25:15
511,2023-07-26 09:19:57,2023-07-26 18:47:06,0 days 09:27:09
512,2023-07-27 09:16:50,2023-07-27 18:45:48,0 days 09:28:58
513,2023-07-28 09:13:50,2023-07-28 18:44:34,0 days 09:30:44
514,2023-07-29 09:10:58,2023-07-29 18:43:22,0 days 09:32:24
515,2023-07-30 09:08:12,2023-07-30 18:42:12,0 days 09:34:00
516,2023-07-31 09:05:31,2023-07-31 18:41:05,0 days 09:35:34
517,2023-08-01 09:02:57,2023-08-01 18:40:00,0 days 09:37:03
518,2023-08-02 09:00:28,2023-08-02 18:38:56,0 days 09:38:28
519,2023-08-03 08:58:03,2023-08-03 18:37:54,0 days 09:39:51
520,2023-08-04 08:55:44,2023-08-04 18:36:52,0 days 09:41:08
521,2023-08-05 08:53:29,2023-08-05 18:35:50,0 days 09:42:21
522,2023-08-06 08:51:19,2023-08-06 18:34:49,0 days 09:43:30
523,2023-08-07 08:49:15,2023-08-07 18:33:47,0 days 09:44:32
524,2023-08-08 08:47:16,2023-08-08 18:32:46,0 days 09:45:30
525,2023-08-09 08:45:24,2023-08-09 18:31:45,0 days 09:46:21
526,2023-08-10 08:43:38,2023-08-10 18:30:45,0 days 09:47:07
527,2023-08-11 08:41:59,2023-08-11 18:29:45,0 days 09:47:46
528,2023-08-12 08:40:27,2023-08-12 18:28:48,0 days 09:48:21
529,2023-08-13 08:39:04,2023-08-13 18:27:53,0 days 09:48:49
530,2023-08-14 08:37:49,2023-08-14 18:27:00,0 days 09:49:11
531,2023-08-15 08:36:42,2023-08-15 18:26:10,0 days 09:49:28
532,2023-08-16 08:35:45,2023-08-16 18:25:25,0 days 09:49:40
533,2023-08-17 08:34:57,2023-08-17 18:24:44,0 days 09:49:47
534,2023-08-18 08:34:19,2023-08-18 18:24:08,0 days 09:49:49
535,2023-08-19 08:33:51,2023-08-19 18:23:37,0 days 09:49:46
536,2023-08-20 08:33:32,2023-08-20 18:23:13,0 days 09:49:41
537,2023-08-21 08:33:24,2023-08-21 18:22:56,0 days 09:49:32
538,2023-08-22 08:33:26,2023-08-22 18:22:46,0 days 09:49:20
539,2023-08-23 08:33:38,2023-08-23 18:22:43,0 days 09:49:05
540,2023-08-24 08:34:00,2023-08-24 18:22:49,0 days 09:48:49
541,2023-08-25 08:34:31,2023-08-25 18:23:03,0 days 09:48:32
542,2023-08-26 08:35:13,2023-08-26 18:23:25,0 days 09:48:12
543,2023-08-27 08:36:04,2023-08-27 18:23:56,0 days 09:47:52
544,2023-08-28 08:37:03,2023-08-28 18:24:35,0 days 09:47:32
545,2023-08-29 08:38:12,2023-08-29 18:25:22,0 days 09:47:10
546,2023-08-30 08:39:30,2023-08-30 18:26:17,0 days 09:46:47
547,2023-08-31 08:40:55,2023-08-31 18:27:19,0 days 09:46:24
548,2023-09-01 08:42:29,2023-09-01 18:28:26,0 days 09:45:57
549,2023-09-02 08:44:11,2023-09-02 18:29:40,0 days 09:45:29
550,2023-09-03 08:46:01,2023-09-03 18:31:00,0 days 09:44:59
551,2023-09-04 08:47:59,2023-09-04 18:32:25,0 days 09:44:26
552,2023-09-05 08:50:06,2023-09-05 18:33:56,0 days 09:43:50
553,2023-09-06 08:52:22,2023-09-06 18:35:32,0 days 09:43:10
554,2023-09-07 08:54:47,2023-09-07 18:37:14,0 days 09:42:27
555,2023-09-08 08:57:21,2023-09-08 18:39:01,0 days 09:41:40
556,2023-09-09 09:00:04,2023-09-09 18:40:56,0 days 09:40:52
557,2023-09-10 09:02:56,2023-09-10 18:42:57,0 days 09:40:01
558,2023-09-11 09:05:58,2023-09-11 18:45:05,0 days 09:39:07
559,2023-09-12 09:09:08,2023-09-12 18:47:21,0 days 09:38:13
560,2023-09-13 09:12:28,2023-09-13 18:49:45,0 days 09:37:17
561,2023-09-14 09:15:57,2023-09-14 18:52:18,0 days 09:36:21
562,2023-09-15 09:19:34,2023-09-15 18:55:00,0 days 09:35:26
563,2023-09-16 09:23:19,2023-09-16 18:57:52,0 days 09:34:33
564,2023-09-17 09:27:11,2023-09-17 19:00:53,0 days 09:33:42
565,2023-09-18 09:31:11,2023-09-18 19:04:05,0 days 09:32:54
566,2023-09-19 09:35:16,2023-09-19 19:07:27,0 days 09:32:11
567,2023-09-20 09:39:28,2023-09-20 19:11:00,0 days 09:31:32
568,2023-09-21 09:43:45,2023-09-21 19:14:43,0 days 09:30:58
569,2023-09-22 09:48:05,2023-09-22 19:18:37,0 days 09:30:32
570,2023-09-23 09:52:30,2023-09-23 19:22:41,0 days 09:30:11
571,2023-09-24 09:56:57,2023-09-24 19:26:55,0 days 09:29:58
572,2023-09-25 10:01:25,2023-09-25 19:31:18,0 days 09:29:53
573,2023-09-26 10:05:55,2023-09-26 19:35:49,0 days 09:29:54
574,2023-09-27 10:10:24,2023-09-27 19:40:27,0 days 09:30:03
575,2023-09-28 10:14:53,2023-09-28 19:45:10,0 days 09:30:17
576,2023-09-29 10:19:21,2023-09-29 19:49:57,0 days 09:30:36
577,2023-09-30 10:23:46,2023-09-30 19:54:47,0 days 09:31:01
578,2023-10-01 10:28:08,2023-10-01 19:59:39,0 days 09:31:31
579,2023-10-02 10:32:26,2023-10-02 20:04:30,0 days 09:32:04
580,2023-10-03 10:36:40,2023-10-03 20:09:21,0 days 09:32:41
581,2023-10-04 10:40:47,2023-10-04 20:14:09,0 days 09:33:22
582,2023-10-05 10:44:49,2023-10-05 20:18:55,0 days 09:34:06
583,2023-10-06 10:48:44,2023-10-06 20:23:37,0 days 09:34:53
584,2023-10-07 10:52:31,2023-10-07 20:28:14,0 days 09:35:43
585,2023-10-08 10:56:09,2023-10-08 20:32:48,0 days 09:36:39
586,2023-10-09 10:59:39,2023-10-09 20:37:16,0 days 09:37:37
587,2023-10-10 11:02:59,2023-10-10 20:41:39,0 days 09:38:40
588,2023-10-11 11:06:09,2023-10-11 20:45:56,0 days 09:39:47
589,2023-10-12 11:09:09,2023-10-12 20:50:07,0 days 09:40:58
590,2023-10-13 11:11:58,2023-10-13 20:54:13,0 days 09:42:15
591,2023-10-14 11:14:36,2023-10-14 20:58:14,0 days 09:43:38
592,2023-10-15 11:17:03,2023-10-15 21:02:08,0 days 09:45:05
593,2023-10-16 11:19:19,2023-10-16 21:05:58,0 days 09:46:39
594,2023-10-17 11:21:24,2023-10-17 21:09:43,0 days 09:48:19
595,2023-10-18 11:23:17,2023-10-18 21:13:22,0 days 09:50:05
596,2023-10-19 11:25:00,2023-10-19 21:16:57,0 days 09:51:57
597,2023-10-20 11:26:32,2023-10-20 21:20:28,0 days 09:53:56
598,2023-10-21 11:27:54,2023-10-21 21:23:55,0 days 09:56:01
599,2023-10-22 11:29:06,2023-10-22 21:27:18,0 days 09:58:12
600,2023-10-23 11:30:10,2023-10-23 21:30:36,0 days 10:00:26
601,2023-10-24 11:31:04,2023-10-24 21:33:50,0 days 10:02:46
602,2023-10-25 11:31:50,2023-10-25 21:36:59,0 days 10:05:09
603,2023-10-26 11:32:28,2023-10-26 21:40:03,0 days 10:07:35
604,2023-10-27 11:32:57,2023-10-27 21:43:02,0 days 10:10:05
605,2023-10-28 11:33:20,2023-10-28 21:45:54,0 days 10:12:34
606,2023-10-29 11:33:34,2023-10-29 21:48:39,0 days 10:15:05
607,2023-10-30 11:33:40,2023-10-30 21:51:17,0 days 10:17:37
608,2023-10-31 11:33:39,2023-10-31 21:53:48,0 days 10:20:09
609,2023-11-01 11:33:29,2023-11-01 21:56:10,0 days 10:22:41
610,2023-11-02 11:33:11,2023-11-02 21:58:24,0 days 10:25:13
611,2023-11-03 11:32:44,2023-11-03 22:00:30,0 days 10:27:46
612,2023-11-04 11:32:09,2023-11-04 22:02:27,0 days 10:30:18
613,2023-11-05 11:31:24,2023-11-05 22:04:16,0 days 10:32:52
614,2023-11-06 11:30:31,2023-11-06 22:05:58,0 days 10:35:27
615,2023-11-07 11:29:28,2023-11-07 22:07:31,0 days 10:38:03
616,2023-11-08 11:28:16,2023-11-08 22:08:57,0 days 10:40:41
617,2023-11-09 11:26:55,2023-11-09 22:10:15,0 days 10:43:20
618,2023-11-10 11:25:25,2023-11-10 22:11:27,0 days 10:46:02
619,2023-11-11 11:23:45,2023-11-11 22:12:32,0 days 10:48:47
620,2023-11-12 11:21:56,2023-11-12 22:13:32,0 days 10:51:36
621,2023-11-13 11:19:59,2023-11-13 22:14:26,0 days 10:54:27
622,2023-11-14 11:17:53,2023-11-14 22:15:16,0 days 10:57:23
623,2023-11-15 11:15:39,2023-11-15 22:16:01,0 days 11:00:22
624,2023-11-16 11:13:17,2023-11-16 22:16:43,0 days 11:03:26
625,2023-11-17 11:10:49,2023-11-17 22:17:23,0 days 11:06:34
626,2023-11-18 11:08:14,2023-11-18 22:18:00,0 days 11:09:46
627,2023-11-19 11:05:33,2023-11-19 22:18:36,0 days 11:13:03
628,2023-11-20 11:02:47,2023-11-20 22:19:09,0 days 11:16:22
629,2023-11-21 10:59:57,2023-11-21 22:19:42,0 days 11:19:45
630,2023-11-22 10:57:02,2023-11-22 22:20:14,0 days 11:23:12
631,2023-11-23 10:54:03,2023-11-23 22:20:44,0 days 11:26:41
632,2023-11-24 10:51:00,2023-11-24 22:21:12,0 days 11:30:12
633,2023-11-25 10:47:54,2023-11-25 22:21:39,0 days 11:33:45
634,2023-11-26 10:44:44,2023-11-26 22:22:04,0 days 11:37:20
635,2023-11-27 10:41:30,2023-11-27 22:22:26,0 days 11:40:56
636,2023-11-28 10:38:12,2023-11-28 22:22:45,0 days 11:44:33
637,2023-11-29 10:34:49,2023-11-29 22:23:02,0 days 11:48:13
638,2023-11-30 10:31:22,2023-11-30 22:23:15,0 days 11:51:53
639,2023-12-01 10:27:49,2023-12-01 22:23:24,0 days 11:55:35
640,2023-12-02 10:24:11,2023-12-02 22:23:30,0 days 11:59:19
641,2023-12-03 10:20:27,2023-12-03 22:23:32,0 days 12:03:05
642,2023-12-04 10:16:37,2023-12-04 22:23:30,0 days 12:06:53
643,2023-12-05 10:12:41,2023-12-05 22:23:25,0 days 12:10:44
644,2023-12-06 10:08:38,2023-12-06 22:23:16,0 days 12:14:38
645,2023-12-07 10:04:30,2023-12-07 22:23:03,0 days 12:18:33
646,2023-12-08 10:00:15,2023-12-08 22:22:47,0 days 12:22:32
647,2023-12-09 09:55:54,2023-12-09 22:22:28,0 days 12:26:34
648,2023-12-10 09:51:27,2023-12-10 22:22:06,0 days 12:30:39
649,2023-12-11 09:46:54,2023-12-11 22:21:42,0 days 12:34:48
650,2023-12-12 09:42:17,2023-12-12 22:21:16,0 days 12:38:59
651,2023-12-13 09:37:34,2023-12-13 22:20:49,0 days 12:43:15
652,2023-12-14 09:32:48,2023-12-14 22:20:21,0 days 12:47:33
653,2023-12-15 09:27:59,2023-12-15 22:19:53,0 days 12:51:54
654,2023-12-16 09:23:07,2023-12-16 22:19:26,0 days 12:56:19
655,2023-12-17 09:18:14,2023-12-17 22:18:59,0 days 13:00:45
656,2023-12-18 09:13:20,2023-12-18 22:18:34,0 days 13:05:14
657,2023-12-19 09:08:26,2023-12-19 22:18:10,0 days 13:09:44
658,2023-12-20 09:03:33,2023-12-20 22:17:48,0 days 13:14:15
659,2023-12-21 08:58:40,2023-12-21 22:17:28,0 days 13:18:48
660,2023-12-22 08:53:49,2023-12-22 22:17:09,0 days 13:23:20
661,2023-12-23 08:48:58,2023-12-23 22:16:51,0 days 13:27:53
662,2023-12-24 08:44:09,2023-12-24 22:16:35,0 days 13:32:26
663,2023-12-25 08:39:20,2023-12-25 22:16:19,0 days 13:36:59
664,2023-12-26 08:34:32,2023-12-26 22:16:04,0 days 13:41:32
665,2023-12-27 08:29:45,2023-12-27 22:15:48,0 days 13:46:03
666,2023-12-28 08:24:58,2023-12-28 22:15:33,0 days 13:50:35
667,2023-12-29 08:20:11,2023-12-29 22:15:17,0 days 13:55:06
668,2023-12-30 08:15:25,2023-12-30 22:15:00,0 days 13:59:35
669,2023-12-31 08:10:38,2023-12-31 22:14:42,0 days 14:04:04
670,2024-01-01 08:05:50,2024-01-01 22:14:23,0 days 14:08:33
671,2024-01-02 08:01:03,2024-01-02 22:14:03,0 days 14:13:00
672,2024-01-03 07:56:16,2024-01-03 22:13:41,0 days 14:17:25
673,2024-01-04 07:51:29,2024-01-04 22:13:18,0 days 14:21:49
674,2024-01-05 07:46:42,2024-01-05 22:12:53,0 days 14:26:11
675,2024-01-06 07:41:56,2024-01-06 22:12:27,0 days 14:30:31
676,2024-01-07 07:37:12,2024-01-07 22:12:00,0 days 14:34:48
677,2024-01-08 07:32:29,2024-01-08 22:11:31,0 days 14:39:02
678,2024-01-09 07:27:49,2024-01-09 22:11:02,0 days 14:43:13
679,2024-01-10 07:23:14,2024-01-10 22:10:33,0 days 14:47:19
680,2024-01-11 07:18:43,2024-01-11 22:10:03,0 days 14:51:20
681,2024-01-12 07:14:17,2024-01-12 22:09:35,0 days 14:55:18
682,2024-01-13 07:09:59,2024-01-13 22:09:07,0 days 14:59:08
683,2024-01-14 07:05:50,2024-01-14 22:08:41,0 days 15:02:51
684,2024-01-15 07:01:49,2024-01-15 22:08:17,0 days 15:06:28
685,2024-01-16 06:57:59,2024-01-16 22:07:55,0 days 15:09:56
686,2024-01-17 06:54:19,2024-01-17 22:07:36,0 days 15:13:17
687,2024-01-18 06:50:49,2024-01-18 22:07:18,0 days 15:16:29
688,2024-01-19 06:47:31,2024-01-19 22:07:02,0 days 15:19:31
689,2024-01-20 06:44:24,2024-01-20 22:06:48,0 days 15:22:24
690,2024-01-21 06:41:28,2024-01-21 22:06:35,0 days 15:25:07
691,2024-01-22 06:38:43,2024-01-22 22:06:23,0 days 15:27:40
692,2024-01-23 06:36:08,2024-01-23 22:06:11,0 days 15:30:03
693,2024-01-24 06:33:44,2024-01-24 22:05:58,0 days 15:32:14
694,2024-01-25 06:31:31,2024-01-25 22:05:45,0 days 15:34:14
695,2024-01-26 06:29:27,2024-01-26 22:05:31,0 days 15:36:04
696,2024-01-27 06:27:34,2024-01-27 22:05:14,0 days 15:37:40
697,2024-01-28 06:25:50,2024-01-28 22:04:56,0 days 15:39:06
698,2024-01-29 06:24:16,2024-01-29 22:04:35,0 days 15:40:19
699,2024-01-30 06:22:53,2024-01-30 22:04:10,0 days 15:41:17
700,2024-01-31 06:21:39,2024-01-31 22:03:42,0 days 15:42:03
701,2024-02-01 06:20:35,2024-02-01 22:03:11,0 days 15:42:36
702,2024-02-02 06:19:42,2024-02-02 22:02:35,0 days 15:42:53
703,2024-02-03 06:18:59,2024-02-03 22:01:55,0 days 15:42:56
704,2024-02-04 06:18:28,2024-02-04 22:01:10,0 days 15:42:42
705,2024-02-05 06:18:08,2024-02-05 22:00:20,0 days 15:42:12
706,2024-02-06 06:18:00,2024-02-06 21:59:26,0 days 15:41:26
707,2024-02-07 06:18:05,2024-02-07 21:58:28,0 days 15:40:23
708,2024-02-08 06:18:23,2024-02-08 21:57:24,0 days 15:39:01
709,2024-02-09 06:18:57,2024-02-09 21:56:17,0 days 15:37:20
710,2024-02-10 06:19:45,2024-02-10 21:55:06,0 days 15:35:21
711,2024-02-11 06:20:50,2024-02-11 21:53:52,0 days 15:33:02
712,2024-02-12 06:22:12,2024-02-12 21:52:35,0 days 15:30:23
713,2024-02-13 06:23:52,2024-02-13 21:51:15,0 days 15:27:23
714,2024-02-14 06:25:49,2024-02-14 21:49:52,0 days 15:24:03
715,2024-02-15 06:28:03,2024-02-15 21:48:26,0 days 15:20:23
716,2024-02-16 06:30:34,2024-02-16 21:46:58,0 days 15:16:24
717,2024-02-17 06:33:21,2024-02-17 21:45:26,0 days 15:12:05
718,2024-02-18 06:36:25,2024-02-18 21:43:51,0 days 15:07:26
719,2024-02-19 06:39:43,2024-02-19 21:42:13,0 days 15:02:30
720,2024-02-20 06:43:16,2024-02-20 21:40:31,0 days 14:57:15
721,2024-02-21 06:47:02,2024-02-21 21:38:45,0 days 14:51:43
722,2024-02-22 06:51:01,2024-02-22 21:36:55,0 days 14:45:54
723,2024-02-23 06:55:12,2024-02-23 21:35:00,0 days 14:39:48
724,2024-02-24 06:59:34,2024-02-24 21:33:00,0 days 14:33:26
725,2024-02-25 07:04:06,2024-02-25 21:30:56,0 days 14:26:50
726,2024-02-26 07:08:49,2024-02-26 21:28:46,0 days 14:19:57
727,2024-02-27 07:13:40,2024-02-27 21:26:30,0 days 14:12:50
728,2024-02-28 07:18:40,2024-02-28 21:24:10,0 days 14:05:30
729,2024-02-29 07:23:48,2024-02-29 21:21:43,0 days 13:57:55
730,2024-03-01 07:29:03,2024-03-01 21:19:11,0 days 13:50:08
731,2024-03-02 07:34:25,2024-03-02 21:16:33,0 days 13:42:08
732,2024-03-03 07:39:54,2024-03-03 21:13:49,0 days 13:33:55
733,2024-03-04 07:45:30,2024-03-04 21:10:59,0 days 13:25:29
734,2024-03-05 07:51:11,2024-03-05 21:08:04,0 days 13:16:53
735,2024-03-06 07:57:00,2024-03-06 21:05:03,0 days 13:08:03
736,2024-03-07 08:02:55,2024-03-07 21:01:57,0 days 12:59:02
737,2024-03-08 08:08:56,2024-03-08 20:58:46,0 days 12:49:50
738,2024-03-09 08:15:06,2024-03-09 20:55:30,0 days 12:40:24
739,2024-03-10 08:21:23,2024-03-10 20:52:10,0 days 12:30:47
740,2024-03-11 08:27:49,2024-03-11 20:48:46,0 days 12:20:57
741,2024-03-12 08:34:24,2024-03-12 20:45:18,0 days 12:10:54
742,2024-03-13 08:41:09,2024-03-13 20:41:47,0 days 12:00:38
743,2024-03-14 08:48:04,2024-03-14 20:38:13,0 days 11:50:09
744,2024-03-15 08:55:09,2024-03-15 20:34:36,0 days 11:39:27
745,2024-03-16 09:02:24,2024-03-16 20:30:56,0 days 11:28:32
746,2024-03-17 09:09:50,2024-03-17 20:27:13,0 days 11:17:23
747,2024-03-18 09:17:25,2024-03-18 20:23:26,0 days 11:06:01
748,2024-03-19 09:25:10,2024-03-19 20:19:36,0 days 10:54:26
749,2024-03-20 09:33:05,2024-03-20 20:15:43,0 days 10:42:38
750,2024-03-21 09:41:09,2024-03-21 20:11:45,0 days 10:30:36
751,2024-03-22 09:49:23,2024-03-22 20:07:44,0 days 10:18:21
752,2024-03-23 09:57:46,2024-03-23 20:03:38,0 days 10:05:52
753,2024-03-24 10:06:18,2024-03-24 19:59:28,0 days 09:53:10
754,2024-03-25 10:14:59,2024-03-25 19:55:13,0 days 09:40:14
755,2024-03-26 10:23:49,2024-03-26 19:50:52,0 days 09:27:03
756,2024-03-27 10:32:48,2024-03-27 19:46:27,0 days 09:13:39
757,2024-03-28 10:41:56,2024-03-28 19:41:56,0 days 09:00:00
758,2024-03-29 10:51:13,2024-03-29 19:37:18,0 days 08:46:05
759,2024-03-30 11:00:38,2024-03-30 19:32:35,0 days 08:31:57
760,2024-03-31 11:10:11,2024-03-31 19:27:45,0 days 08:17:34
761,2024-04-01 11:19:52,2024-04-01 19:22:48,0 days 08:02:56
762,2024-04-02 11:29:42,2024-04-02 19:17:44,0 days 07:48:02
763,2024-04-03 11:39:38,2024-04-03 19:12:33,0 days 07:32:55
764,2024-04-04 11:49:43,2024-04-04 19:07:15,0 days 07:17:32
765,2024-04-05 11:59:56,2024-04-05 19:01:49,0 days 07:01:53
766,2024-04-06 12:10:16,2024-04-06 18:56:16,0 days 06:46:00
767,2024-04-07 12:20:45,2024-04-07 18:50:35,0 days 06:29:50
768,2024-04-08 12:31:24,2024-04-08 18:44:46,0 days 06:13:22
769,2024-04-09 12:42:12,2024-04-09 18:38:49,0 days 05:56:37
770,2024-04-10 12:53:13,2024-04-10 18:32:43,0 days 05:39:30
771,2024-04-11 13:04:26,2024-04-11 18:26:28,0 days 05:22:02
772,2024-04-12 13:15:54,2024-04-12 18:20:01,0 days 05:04:07
773,2024-04-13 13:27:39,2024-04-13 18:13:20,0 days 04:45:41
774,2024-04-14 13:39:44,2024-04-14 18:06:25,0 days 04:26:41
775,2024-04-15 13:52:11,2024-04-15 17:59:10,0 days 04:06:59
776,2024-04-16 14:05:04,2024-04-16 17:51:30,0 days 03:46:26
777,2024-04-17 14:18:32,2024-04-17 17:43:20,0 days 03:24:48
778,2024-04-18 14:32:43,2024-04-18 17:34:26,0 days 03:01:43
779,2024-04-19 14:47:55,2024-04-19 17:24:32,0 days 02:36:37
780,2024-04-20 15:04:43,2024-04-20 17:13:02,0 days 02:08:19
781,2024-04-21 15:24:30,2024-04-21 16:58:31,0 days 01:34:01
782,2024-04-22 15:53:44,2024-04-22 16:34:30,0 days 00:40:46
783,2024-05-28 16:03:05,2024-05-28 17:07:44,0 days 01:04:39
784,2024-05-29 15:47:39,2024-05-29 17:20:12,0 days 01:32:33
785,2024-05-30 15:35:12,2024-05-30 17:29:25,0 days 01:54:13
786,2024-05-31 15:24:11,2024-05-31 17:36:56,0 days 02:12:45
787,2024-06-01 15:14:02,2024-06-01 17:43:19,0 days 02:29:17
788,2024-06-02 15:04:27,2024-06-02 17:48:52,0 days 02:44:25
789,2024-06-03 14:55:17,2024-06-03 17:53:47,0 days 02:58:30
790,2024-06-04 14:46:26,2024-06-04 17:58:09,0 days 03:11:43
791,2024-06-05 14:37:49,2024-06-05 18:02:03,0 days 03:24:14
792,2024-06-06 14:29:24,2024-06-06 18:05:35,0 days 03:36:11
793,2024-06-07 14:21:10,2024-06-07 18:08:47,0 days 03:47:37
794,2024-06-08 14:13:06,2024-06-08 18:11:40,0 days 03:58:34
795,2024-06-09 14:05:10,2024-06-09 18:14:18,0 days 04:09:08
796,2024-06-10 13:57:23,2024-06-10 18:16:42,0 days 04:19:19
797,2024-06-11 13:49:44,2024-06-11 18:18:54,0 days 04:29:10
798,2024-06-12 13:42:13,2024-06-12 18:20:55,0 days 04:38:42
799,2024-06-13 13:34:50,2024-06-13 18:22:45,0 days 04:47:55
800,2024-06-14 13:27:33,2024-06-14 18:24:26,0 days 04:56:53
801,2024-06-15 13:20:23,2024-06-15 18:25:59,0 days 05:05:36
802,2024-06-16 13:13:20,2024-06-16 18:27:24,0 days 05:14:04
803,2024-06-17 13:06:24,2024-06-17 18:28:41,0 days 05:22:17
804,2024-06-18 12:59:33,2024-06-18 18:29:52,0 days 05:30:19
805,2024-06-19 12:52:47,2024-06-19 18:30:56,0 days 05:38:09
806,2024-06-20 12:46:06,2024-06-20 18:31:54,0 days 05:45:48
807,2024-06-21 12:39:30,2024-06-21 18:32:45,0 days 05:53:15
808,2024-06-22 12:32:58,2024-06-22 18:33:30,0 days 06:00:32
809,2024-06-23 12:26:29,2024-06-23 18:34:08,0 days 06:07:39
810,2024-06-24 12:20:03,2024-06-24 18:34:40,0 days 06:14:37
811,2024-06-25 12:13:40,2024-06-25 18:35:05,0 days 06:21:25
812,2024-06-26 12:07:19,2024-06-26 18:35:24,0 days 06:28:05
813,2024-06-27 12:00:59,2024-06-27 18:35:35,0 days 06:34:36
814,2024-06-28 11:54:42,2024-06-28 18:35:39,0 days 06:40:57
815,2024-06-29 11:48:26,2024-06-29 18:35:37,0 days 06:47:11
816,2024-06-30 11:42:12,2024-06-30 18:35:28,0 days 06:53:16
817,2024-07-01 11:36:01,2024-07-01 18:35:13,0 days 06:59:12
818,2024-07-02 11:29:52,2024-07-02 18:34:51,0 days 07:04:59
819,2024-07-03 11:23:47,2024-07-03 18:34:25,0 days 07:10:38
820,2024-07-04 11:17:46,2024-07-04 18:33:54,0 days 07:16:08
821,2024-07-05 11:11:50,2024-07-05 18:33:20,0 days 07:21:30
822,2024-07-06 11:05:59,2024-07-06 18:32:42,0 days 07:26:43
823,2024-07-07 11:00:14,2024-07-07 18:32:02,0 days 07:31:48
824,2024-07-08 10:54:35,2024-07-08 18:31:19,0 days 07:36:44
825,2024-07-09 10:49:03,2024-07-09 18:30:36,0 days 07:41:33
826,2024-07-10 10:43:37,2024-07-10 18:29:52,0 days 07:46:15
827,2024-07-11 10:38:18,2024-07-11 18:29:08,0 days 07:50:50
828,2024-07-12 10:33:07,2024-07-12 18:28:24,0 days 07:55:17
829,2024-07-13 10:28:02,2024-07-13 18:27:40,0 days 07:59:38
830,2024-07-14 10:23:04,2024-07-14 18:26:57,0 days 08:03:53
831,2024-07-15 10:18:14,2024-07-15 18:26:15,0 days 08:08:01
832,2024-07-16 10:13:29,2024-07-16 18:25:34,0 days 08:12:05
833,2024-07-17 10:08:52,2024-07-17 18:24:55,0 days 08:16:03
834,2024-07-18 10:04:20,2024-07-18 18:24:16,0 days 08:19:56
835,2024-07-19 09:59:54,2024-07-19 18:23:39,0 days 08:23:45
836,2024-07-20 09:55:33,2024-07-20 18:23:02,0 days 08:27:29
837,2024-07-21 09:51:18,2024-07-21 18:22:26,0 days 08:31:08
838,2024-07-22 09:47:07,2024-07-22 18:21:51,0 days 08:34:44
839,2024-07-23 09:43:00,2024-07-23 18:21:15,0 days 08:38:15
840,2024-07-24 09:38:57,2024-07-24 18:20:38,0 days 08:41:41
841,2024-07-25 09:34:58,2024-07-25 18:20:00,0 days 08:45:02
842,2024-07-26 09:31:03,2024-07-26 18:19:22,0 days 08:48:19
843,2024-07-27 09:27:13,2024-07-27 18:18:42,0 days 08:51:29
844,2024-07-28 09:23:26,2024-07-28 18:18:01,0 days 08:54:35
845,2024-07-29 09:19:45,2024-07-29 18:17:20,0 days 08:57:35
846,2024-07-30 09:16:09,2024-07-30 18:16:38,0 days 09:00:29
847,2024-07-31 09:12:40,2024-07-31 18:15:56,0 days 09:03:16
848,2024-08-01 09:09:16,2024-08-01 18:15:15,0 days 09:05:59
849,2024-08-02 09:05:59,2024-08-02 18:14:35,0 days 09:08:36
850,2024-08-03 09:02:50,2024-08-03 18:13:57,0 days 09:11:07
851,2024-08-04 08:59:49,2024-08-04 18:13:21,0 days 09:13:32
852,2024-08-05 08:56:55,2024-08-05 18:12:48,0 days 09:15:53
853,2024-08-06 08:54:10,2024-08-06 18:12:19,0 days 09:18:09
854,2024-08-07 08:51:33,2024-08-07 18:11:55,0 days 09:20:22
855,2024-08-08 08:49:04,2024-08-08 18:11:35,0 days 09:22:31
856,2024-08-09 08:46:45,2024-08-09 18:11:20,0 days 09:24:35
857,2024-08-10 08:44:34,2024-08-10 18:11:11,0 days 09:26:37
858,2024-08-11 08:42:31,2024-08-11 18:11:07,0 days 09:28:36
859,2024-08-12 08:40:37,2024-08-12 18:11:10,0 days 09:30:33
860,2024-08-13 08:38:51,2024-08-13 18:11:20,0 days 09:32:29
861,2024-08-14 08:37:14,2024-08-14 18:11:36,0 days 09:34:22
862,2024-08-15 08:35:44,2024-08-15 18:11:58,0 days 09:36:14
863,2024-08-16 08:34:22,2024-08-16 18:12:27,0 days 09:38:05
864,2024-08-17 08:33:08,2024-08-17 18:13:03,0 days 09:39:55
865,2024-08-18 08:32:00,2024-08-18 18:13:45,0 days 09:41:45
866,2024-08-19 08:31:00,2024-08-19 18:14:33,0 days 09:43:33
867,2024-08-20 08:30:06,2024-08-20 18:15:25,0 days 09:45:19
868,2024-08-21 08:29:19,2024-08-21 18:16:23,0 days 09:47:04
869,2024-08-22 08:28:38,2024-08-22 18:17:26,0 days 09:48:48
870,2024-08-23 08:28:04,2024-08-23 18:18:32,0 days 09:50:28
871,2024-08-24 08:27:37,2024-08-24 18:19:43,0 days 09:52:06
872,2024-08-25 08:27:18,2024-08-25 18:20:57,0 days 09:53:39
873,2024-08-26 08:27:06,2024-08-26 18:22:16,0 days 09:55:10
874,2024-08-27 08:27:03,2024-08-27 18:23:39,0 days 09:56:36
875,2024-08-28 08:27:09,2024-08-28 18:25:07,0 days 09:57:58
876,2024-08-29 08:27:24,2024-08-29 18:26:41,0 days 09:59:17
877,2024-08-30 08:27:48,2024-08-30 18:28:21,0 days 10:00:33
878,2024-08-31 08:28:23,2024-08-31 18:30:07,0 days 10:01:44
879,2024-09-01 08:29:08,2024-09-01 18:32:01,0 days 10:02:53
880,2024-09-02 08:30:04,2024-09-02 18:34:02,0 days 10:03:58
881,2024-09-03 08:31:11,2024-09-03 18:36:12,0 days 10:05:01
882,2024-09-04 08:32:30,2024-09-04 18:38:31,0 days 10:06:01
883,2024-09-05 08:34:00,2024-09-05 18:40:59,0 days 10:06:59
884,2024-09-06 08:35:41,2024-09-06 18:43:37,0 days 10:07:56
885,2024-09-07 08:37:33,2024-09-07 18:46:26,0 days 10:08:53
886,2024-09-08 08:39:37,2024-09-08 18:49:25,0 days 10:09:48
887,2024-09-09 08:41:52,2024-09-09 18:52:35,0 days 10:10:43
888,2024-09-10 08:44:18,2024-09-10 18:55:57,0 days 10:11:39
889,2024-09-11 08:46:55,2024-09-11 18:59:29,0 days 10:12:34
890,2024-09-12 08:49:42,2024-09-12 19:03:13,0 days 10:13:31
891,2024-09-13 08:52:40,2024-09-13 19:07:07,0 days 10:14:27
892,2024-09-14 08:55:47,2024-09-14 19:11:11,0 days 10:15:24
893,2024-09-15 08:59:03,2024-09-15 19:15:26,0 days 10:16:23
894,2024-09-16 09:02:29,2024-09-16 19:19:48,0 days 10:17:19
895,2024-09-17 09:06:03,2024-09-17 19:24:19,0 days 10:18:16
896,2024-09-18 09:09:44,2024-09-18 19:28:57,0 days 10:19:13
897,2024-09-19 09:13:34,2024-09-19 19:33:39,0 days 10:20:05
898,2024-09-20 09:17:30,2024-09-20 19:38:26,0 days 10:20:56
899,2024-09-21 09:21:32,2024-09-21 19:43:16,0 days 10:21:44
900,2024-09-22 09:25:40,2024-09-22 19:48:08,0 days 10:22:28
901,2024-09-23 09:29:54,2024-09-23 19:53:01,0 days 10:23:07
902,2024-09-24 09:34:12,2024-09-24 19:57:54,0 days 10:23:42
903,2024-09-25 09:38:34,2024-09-25 20:02:47,0 days 10:24:13
904,2024-09-26 09:43:00,2024-09-26 20:07:38,0 days 10:24:38
905,2024-09-27 09:47:28,2024-09-27 20:12:29,0 days 10:25:01
906,2024-09-28 09:51:59,2024-09-28 20:17:17,0 days 10:25:18
907,2024-09-29 09:56:30,2024-09-29 20:22:02,0 days 10:25:32
908,2024-09-30 10:01:01,2024-09-30 20:26:45,0 days 10:25:44
909,2024-10-01 10:05:32,2024-10-01 20:31:26,0 days 10:25:54
910,2024-10-02 10:10:00,2024-10-02 20:36:02,0 days 10:26:02
911,2024-10-03 10:14:27,2024-10-03 20:40:36,0 days 10:26:09
912,2024-10-04 10:18:50,2024-10-04 20:45:05,0 days 10:26:15
913,2024-10-05 10:23:09,2024-10-05 20:49:31,0 days 10:26:22
914,2024-10-06 10:27:24,2024-10-06 20:53:53,0 days 10:26:29
915,2024-10-07 10:31:33,2024-10-07 20:58:11,0 days 10:26:38
916,2024-10-08 10:35:36,2024-10-08 21:02:25,0 days 10:26:49
917,2024-10-09 10:39:33,2024-10-09 21:06:34,0 days 10:27:01
918,2024-10-10 10:43:23,2024-10-10 21:10:38,0 days 10:27:15
919,2024-10-11 10:47:05,2024-10-11 21:14:38,0 days 10:27:33
920,2024-10-12 10:50:41,2024-10-12 21:18:33,0 days 10:27:52
921,2024-10-13 10:54:09,2024-10-13 21:22:23,0 days 10:28:14
922,2024-10-14 10:57:29,2024-10-14 21:26:07,0 days 10:28:38
923,2024-10-15 11:00:41,2024-10-15 21:29:44,0 days 10:29:03
924,2024-10-16 11:03:45,2024-10-16 21:33:14,0 days 10:29:29
925,2024-10-17 11:06:41,2024-10-17 21:36:36,0 days 10:29:55
926,2024-10-18 11:09:29,2024-10-18 21:39:49,0 days 10:30:20
927,2024-10-19 11:12:07,2024-10-19 21:42:53,0 days 10:30:46
928,2024-10-20 11:14:37,2024-10-20 21:45:47,0 days 10:31:10
929,2024-10-21 11:16:56,2024-10-21 21:48:30,0 days 10:31:34
930,2024-10-22 11:19:06,2024-10-22 21:51:02,0 days 10:31:56
931,2024-10-23 11:21:05,2024-10-23 21:53:24,0 days 10:32:19
932,2024-10-24 11:22:54,2024-10-24 21:55:35,0 days 10:32:41
933,2024-10-25 11:24:32,2024-10-25 21:57:35,0 days 10:33:03
934,2024-10-26 11:25:58,2024-10-26 21:59:25,0 days 10:33:27
935,2024-10-27 11:27:14,2024-10-27 22:01:05,0 days 10:33:51
936,2024-10-28 11:28:18,2024-10-28 22:02:35,0 days 10:34:17
937,2024-10-29 11:29:11,2024-10-29 22:03:57,0 days 10:34:46
938,2024-10-30 11:29:52,2024-10-30 22:05:10,0 days 10:35:18
939,2024-10-31 11:30:23,2024-10-31 22:06:15,0 days 10:35:52
940,2024-11-01 11:30:42,2024-11-01 22:07:13,0 days 10:36:31
941,2024-11-02 11:30:51,2024-11-02 22:08:04,0 days 10:37:13
942,2024-11-03 11:30:49,2024-11-03 22:08:49,0 days 10:38:00
943,2024-11-04 11:30:38,2024-11-04 22:09:29,0 days 10:38:51
944,2024-11-05 11:30:17,2024-11-05 22:10:04,0 days 10:39:47
945,2024-11-06 11:29:46,2024-11-06 22:10:35,0 days 10:40:49
946,2024-11-07 11:29:07,2024-11-07 22:11:02,0 days 10:41:55
947,2024-11-08 11:28:20,2024-11-08 22:11:26,0 days 10:43:06
948,2024-11-09 11:27:26,2024-11-09 22:11:47,0 days 10:44:21
949,2024-11-10 11:26:24,2024-11-10 22:12:06,0 days 10:45:42
950,2024-11-11 11:25:16,2024-11-11 22:12:22,0 days 10:47:06
951,2024-11-12 11:24:01,2024-11-12 22:12:36,0 days 10:48:35
952,2024-11-13 11:22:41,2024-11-13 22:12:47,0 days 10:50:06
953,2024-11-14 11:21:16,2024-11-14 22:12:55,0 days 10:51:39
954,2024-11-15 11:19:44,2024-11-15 22:13:00,0 days 10:53:16
955,2024-11-16 11:18:07,2024-11-16 22:13:01,0 days 10:54:54
956,2024-11-17 11:16:24,2024-11-17 22:12:58,0 days 10:56:34
957,2024-11-18 11:14:35,2024-11-18 22:12:50,0 days 10:58:15
958,2024-11-19 11:12:39,2024-11-19 22:12:38,0 days 10:59:59
959,2024-11-20 11:10:35,2024-11-20 22:12:21,0 days 11:01:46
960,2024-11-21 11:08:25,2024-11-21 22:11:59,0 days 11:03:34
961,2024-11-22 11:06:06,2024-11-22 22:11:32,0 days 11:05:26
962,2024-11-23 11:03:40,2024-11-23 22:11:00,0 days 11:07:20
963,2024-11-24 11:01:05,2024-11-24 22:10:24,0 days 11:09:19
964,2024-11-25 10:58:23,2024-11-25 22:09:44,0 days 11:11:21
965,2024-11-26 10:55:32,2024-11-26 22:08:59,0 days 11:13:27
966,2024-11-27 10:52:33,2024-11-27 22:08:11,0 days 11:15:38
967,2024-11-28 10:49:26,2024-11-28 22:07:20,0 days 11:17:54
968,2024-11-29 10:46:11,2024-11-29 22:06:26,0 days 11:20:15
969,2024-11-30 10:42:49,2024-11-30 22:05:30,0 days 11:22:41
970,2024-12-01 10:39:19,2024-12-01 22:04:32,0 days 11:25:13
971,2024-12-02 10:35:43,2024-12-02 22:03:33,0 days 11:27:50
972,2024-12-03 10:32:00,2024-12-03 22:02:33,0 days 11:30:33
973,2024-12-04 10:28:11,2024-12-04 22:01:33,0 days 11:33:22
974,2024-12-05 10:24:18,2024-12-05 22:00:34,0 days 11:36:16
975,2024-12-06 10:20:20,2024-12-06 21:59:35,0 days 11:39:15
976,2024-12-07 10:16:18,2024-12-07 21:58:37,0 days 11:42:19
977,2024-12-08 10:12:13,2024-12-08 21:57:41,0 days 11:45:28
978,2024-12-09 10:08:05,2024-12-09 21:56:46,0 days 11:48:41
979,2024-12-10 10:03:55,2024-12-10 21:55:53,0 days 11:51:58
980,2024-12-11 09:59:43,2024-12-11 21:55:01,0 days 11:55:18
981,2024-12-12 09:55:29,2024-12-12 21:54:10,0 days 11:58:41
982,2024-12-13 09:51:14,2024-12-13 21:53:21,0 days 12:02:07
983,2024-12-14 09:46:56,2024-12-14 21:52:31,0 days 12:05:35
984,2024-12-15 09:42:37,2024-12-15 21:51:43,0 days 12:09:06
985,2024-12-16 09:38:15,2024-12-16 21:50:54,0 days 12:12:39
986,2024-12-17 09:33:50,2024-12-17 21:50:04,0 days 12:16:14
987,2024-12-18 09:29:22,2024-12-18 21:49:14,0 days 12:19:52
988,2024-12-19 09:24:50,2024-12-19 21:48:23,0 days 12:23:33
989,2024-12-20 09:20:15,2024-12-20 21:47:31,0 days 12:27:16
990,2024-12-21 09:15:35,2024-12-21 21:46:38,0 days 12:31:03
991,2024-12-22 09:10:52,2024-12-22 21:45:45,0 days 12:34:53
992,2024-12-23 09:06:05,2024-12-23 21:44:51,0 days 12:38:46
993,2024-12-24 09:01:15,2024-12-24 21:43:56,0 days 12:42:41
994,2024-12-25 08:56:21,2024-12-25 21:43:01,0 days 12:46:40
995,2024-12-26 08:51:23,2024-12-26 21:42:06,0 days 12:50:43
996,2024-12-27 08:46:23,2024-12-27 21:41:11,0 days 12:54:48
997,2024-12-28 08:41:21,2024-12-28 21:40:17,0 days 12:58:56
998,2024-12-29 08:36:18,2024-12-29 21:39:24,0 days 13:03:06
999,2024-12-30 08:31:13,2024-12-30 21:38:33,0 days 13:07:20
1000,2024-12-31 08:26:08,2024-12-31 21:37:44,0 days 13:11:36
1001,2025-01-01 08:21:04,2025-01-01 21:36:58,0 days 13:15:54
1002,2025-01-02 08:16:02,2025-01-02 21:36:15,0 days 13:20:13
1003,2025-01-03 08:11:02,2025-01-03 21:35:36,0 days 13:24:34
1004,2025-01-04 08:06:05,2025-01-04 21:35:01,0 days 13:28:56
1005,2025-01-05 08:01:13,2025-01-05 21:34:30,0 days 13:33:17
1006,2025-01-06 07:56:26,2025-01-06 21:34:03,0 days 13:37:37
1007,2025-01-07 07:51:44,2025-01-07 21:33:41,0 days 13:41:57
1008,2025-01-08 07:47:07,2025-01-08 21:33:24,0 days 13:46:17
1009,2025-01-09 07:42:36,2025-01-09 21:33:11,0 days 13:50:35
1010,2025-01-10 07:38:11,2025-01-10 21:33:02,0 days 13:54:51
1011,2025-01-11 07:33:52,2025-01-11 21:32:56,0 days 13:59:04
1012,2025-01-12 07:29:38,2025-01-12 21:32:54,0 days 14:03:16
1013,2025-01-13 07:25:29,2025-01-13 21:32:55,0 days 14:07:26
1014,2025-01-14 07:21:26,2025-01-14 21:32:59,0 days 14:11:33
1015,2025-01-15 07:17:26,2025-01-15 21:33:04,0 days 14:15:38
1016,2025-01-16 07:13:32,2025-01-16 21:33:12,0 days 14:19:40
1017,2025-01-17 07:09:42,2025-01-17 21:33:21,0 days 14:23:39
1018,2025-01-18 07:05:56,2025-01-18 21:33:32,0 days 14:27:36
1019,2025-01-19 07:02:15,2025-01-19 21:33:43,0 days 14:31:28
1020,2025-01-20 06:58:38,2025-01-20 21:33:56,0 days 14:35:18
1021,2025-01-21 06:55:07,2025-01-21 21:34:11,0 days 14:39:04
1022,2025-01-22 06:51:41,2025-01-22 21:34:26,0 days 14:42:45
1023,2025-01-23 06:48:22,2025-01-23 21:34:42,0 days 14:46:20
1024,2025-01-24 06:45:09,2025-01-24 21:34:59,0 days 14:49:50
1025,2025-01-25 06:42:03,2025-01-25 21:35:18,0 days 14:53:15
1026,2025-01-26 06:39:06,2025-01-26 21:35:37,0 days 14:56:31
1027,2025-01-27 06:36:18,2025-01-27 21:35:58,0 days 14:59:40
1028,2025-01-28 06:33:40,2025-01-28 21:36:21,0 days 15:02:41
1029,2025-01-29 06:31:13,2025-01-29 21:36:45,0 days 15:05:32
1030,2025-01-30 06:28:59,2025-01-30 21:37:11,0 days 15:08:12
1031,2025-01-31 06:26:58,2025-01-31 21:37:39,0 days 15:10:41
1032,2025-02-01 06:25:12,2025-02-01 21:38:09,0 days 15:12:57
1033,2025-02-02 06:23:42,2025-02-02 21:38:41,0 days 15:14:59
1034,2025-02-03 06:22:27,2025-02-03 21:39:15,0 days 15:16:48
1035,2025-02-04 06:21:30,2025-02-04 21:39:51,0 days 15:18:21
1036,2025-02-05 06:20:50,2025-02-05 21:40:28,0 days 15:19:38
1037,2025-02-06 06:20:26,2025-02-06 21:41:06,0 days 15:20:40
1038,2025-02-07 06:20:20,2025-02-07 21:41:44,0 days 15:21:24
1039,2025-02-08 06:20:31,2025-02-08 21:42:22,0 days 15:21:51
1040,2025-02-09 06:20:58,2025-02-09 21:42:59,0 days 15:22:01
1041,2025-02-10 06:21:41,2025-02-10 21:43:34,0 days 15:21:53
1042,2025-02-11 06:22:40,2025-02-11 21:44:07,0 days 15:21:27
1043,2025-02-12 06:23:55,2025-02-12 21:44:36,0 days 15:20:41
1044,2025-02-13 06:25:24,2025-02-13 21:45:03,0 days 15:19:39
1045,2025-02-14 06:27:09,2025-02-14 21:45:24,0 days 15:18:15
1046,2025-02-15 06:29:07,2025-02-15 21:45:41,0 days 15:16:34
1047,2025-02-16 06:31:20,2025-02-16 21:45:53,0 days 15:14:33
1048,2025-02-17 06:33:47,2025-02-17 21:45:59,0 days 15:12:12
1049,2025-02-18 06:36:28,2025-02-18 21:45:58,0 days 15:09:30
1050,2025-02-19 06:39:22,2025-02-19 21:45:51,0 days 15:06:29
1051,2025-02-20 06:42:29,2025-02-20 21:45:37,0 days 15:03:08
1052,2025-02-21 06:45:51,2025-02-21 21:45:16,0 days 14:59:25
1053,2025-02-22 06:49:25,2025-02-22 21:44:47,0 days 14:55:22
1054,2025-02-23 06:53:13,2025-02-23 21:44:11,0 days 14:50:58
1055,2025-02-24 06:57:15,2025-02-24 21:43:26,0 days 14:46:11
1056,2025-02-25 07:01:30,2025-02-25 21:42:35,0 days 14:41:05
1057,2025-02-26 07:05:59,2025-02-26 21:41:35,0 days 14:35:36
1058,2025-02-27 07:10:42,2025-02-27 21:40:28,0 days 14:29:46
1059,2025-02-28 07:15:39,2025-02-28 21:39:14,0 days 14:23:35
1060,2025-03-01 07:20:51,2025-03-01 21:37:53,0 days 14:17:02
1061,2025-03-02 07:26:17,2025-03-02 21:36:25,0 days 14:10:08
1062,2025-03-03 07:31:58,2025-03-03 21:34:51,0 days 14:02:53
1063,2025-03-04 07:37:53,2025-03-04 21:33:10,0 days 13:55:17
1064,2025-03-05 07:44:01,2025-03-05 21:31:24,0 days 13:47:23
1065,2025-03-06 07:50:23,2025-03-06 21:29:32,0 days 13:39:09
1066,2025-03-07 07:56:56,2025-03-07 21:27:34,0 days 13:30:38
1067,2025-03-08 08:03:41,2025-03-08 21:25:30,0 days 13:21:49
1068,2025-03-09 08:10:36,2025-03-09 21:23:21,0 days 13:12:45
1069,2025-03-10 08:17:39,2025-03-10 21:21:05,0 days 13:03:26
1070,2025-03-11 08:24:52,2025-03-11 21:18:44,0 days 12:53:52
1071,2025-03-12 08:32:11,2025-03-12 21:16:16,0 days 12:44:05
1072,2025-03-13 08:39:37,2025-03-13 21:13:42,0 days 12:34:05
1073,2025-03-14 08:47:09,2025-03-14 21:11:02,0 days 12:23:53
1074,2025-03-15 08:54:46,2025-03-15 21:08:15,0 days 12:13:29
1075,2025-03-16 09:02:27,2025-03-16 21:05:22,0 days 12:02:55
1076,2025-03-17 09:10:13,2025-03-17 21:02:22,0 days 11:52:09
1077,2025-03-18 09:18:02,2025-03-18 20:59:15,0 days 11:41:13
1078,2025-03-19 09:25:54,2025-03-19 20:56:02,0 days 11:30:08
1079,2025-03-20 09:33:49,2025-03-20 20:52:42,0 days 11:18:53
1080,2025-03-21 09:41:46,2025-03-21 20:49:14,0 days 11:07:28
1081,2025-03-22 09:49:46,2025-03-22 20:45:39,0 days 10:55:53
1082,2025-03-23 09:57:48,2025-03-23 20:41:58,0 days 10:44:10
1083,2025-03-24 10:05:52,2025-03-24 20:38:09,0 days 10:32:17
1084,2025-03-25 10:13:58,2025-03-25 20:34:13,0 days 10:20:15
1085,2025-03-26 10:22:07,2025-03-26 20:30:10,0 days 10:08:03
1086,2025-03-27 10:30:19,2025-03-27 20:26:01,0 days 09:55:42
1087,2025-03-28 10:38:34,2025-03-28 20:21:44,0 days 09:43:10
1088,2025-03-29 10:46:53,2025-03-29 20:17:21,0 days 09:30:28
1089,2025-03-30 10:55:17,2025-03-30 20:12:52,0 days 09:17:35
1090,2025-03-31 11:03:46,2025-03-31 20:08:17,0 days 09:04:31
1091,2025-04-01 11:12:22,2025-04-01 20:03:37,0 days 08:51:15
1092,2025-04-02 11:21:05,2025-04-02 19:58:51,0 days 08:37:46
1093,2025-04-03 11:29:56,2025-04-03 19:53:59,0 days 08:24:03
1094,2025-04-04 11:38:56,2025-04-04 19:49:02,0 days 08:10:06
1095,2025-04-05 11:48:04,2025-04-05 19:43:58,0 days 07:55:54
1096,2025-04-06 11:57:21,2025-04-06 19:38:49,0 days 07:41:28
1097,2025-04-07 12:06:47,2025-04-07 19:33:34,0 days 07:26:47
1098,2025-04-08 12:16:22,2025-04-08 19:28:11,0 days 07:11:49
1099,2025-04-09 12:26:07,2025-04-09 19:22:41,0 days 06:56:34
1100,2025-04-10 12:36:02,2025-04-10 19:17:03,0 days 06:41:01
1101,2025-04-11 12:46:06,2025-04-11 19:11:15,0 days 06:25:09
1102,2025-04-12 12:56:20,2025-04-12 19:05:18,0 days 06:08:58
1103,2025-04-13 13:06:44,2025-04-13 18:59:10,0 days 05:52:26
1104,2025-04-14 13:17:19,2025-04-14 18:52:49,0 days 05:35:30
1105,2025-04-15 13:28:06,2025-04-15 18:46:14,0 days 05:18:08
1106,2025-04-16 13:39:06,2025-04-16 18:39:23,0 days 05:00:17
1107,2025-04-17 13:50:20,2025-04-17 18:32:14,0 days 04:41:54
1108,2025-04-18 14:01:49,2025-04-18 18:24:43,0 days 04:22:54
1109,2025-04-19 14:13:39,2025-04-19 18:16:46,0 days 04:03:07
1110,2025-04-20 14:25:52,2025-04-20 18:08:18,0 days 03:42:26
1111,2025-04-21 14:38:37,2025-04-21 17:59:10,0 days 03:20:33
1112,2025-04-22 14:52:05,2025-04-22 17:49:09,0 days 02:57:04
1113,2025-04-23 15:06:37,2025-04-23 17:37:55,0 days 02:31:18
1114,2025-04-24 15:22:54,2025-04-24 17:24:44,0 days 02:01:50
1115,2025-04-25 15:42:50,2025-04-25 17:07:44,0 days 01:24:54
1116,2025-06-10 15:51:25,2025-06-10 16:11:26,0 days 00:20:01
1117,2025-06-11 15:23:49,2025-06-11 16:34:21,0 days 01:10:32
1118,2025-06-12 15:07:37,2025-06-12 16:45:46,0 days 01:38:09
1119,2025-06-13 14:54:19,2025-06-13 16:54:11,0 days 01:59:52
1120,2025-06-14 14:42:30,2025-06-14 17:00:59,0 days 02:18:29
1121,2025-06-15 14:31:37,2025-06-15 17:06:44,0 days 02:35:07
1122,2025-06-16 14:21:22,2025-06-16 17:11:42,0 days 02:50:20
1123,2025-06-17 14:11:36,2025-06-17 17:16:04,0 days 03:04:28
1124,2025-06-18 14:02:10,2025-06-18 17:19:55,0 days 03:17:45
1125,2025-06-19 13:53:02,2025-06-19 17:23:22,0 days 03:30:20
1126,2025-06-20 13:44:06,2025-06-20 17:26:26,0 days 03:42:20
1127,2025-06-21 13:35:23,2025-06-21 17:29:11,0 days 03:53:48
1128,2025-06-22 13:26:49,2025-06-22 17:31:40,0 days 04:04:51
1129,2025-06-23 13:18:24,2025-06-23 17:33:53,0 days 04:15:29
1130,2025-06-24 13:10:08,2025-06-24 17:35:54,0 days 04:25:46
1131,2025-06-25 13:02:00,2025-06-25 17:37:44,0 days 04:35:44
1132,2025-06-26 12:54:01,2025-06-26 17:39:25,0 days 04:45:24
1133,2025-06-27 12:46:10,2025-06-27 17:40:57,0 days 04:54:47
1134,2025-06-28 12:38:28,2025-06-28 17:42:22,0 days 05:03:54
1135,2025-06-29 12:30:55,2025-06-29 17:43:42,0 days 05:12:47
1136,2025-06-30 12:23:31,2025-06-30 17:44:56,0 days 05:21:25
1137,2025-07-01 12:16:15,2025-07-01 17:46:06,0 days 05:29:51
1138,2025-07-02 12:09:08,2025-07-02 17:47:12,0 days 05:38:04
1139,2025-07-03 12:02:10,2025-07-03 17:48:15,0 days 05:46:05
1140,2025-07-04 11:55:19,2025-07-04 17:49:14,0 days 05:53:55
1141,2025-07-05 11:48:37,2025-07-05 17:50:11,0 days 06:01:34
1142,2025-07-06 11:42:02,2025-07-06 17:51:05,0 days 06:09:03
1143,2025-07-07 11:35:34,2025-07-07 17:51:57,0 days 06:16:23
1144,2025-07-08 11:29:13,2025-07-08 17:52:46,0 days 06:23:33
1145,2025-07-09 11:22:58,2025-07-09 17:53:33,0 days 06:30:35
1146,2025-07-10 11:16:49,2025-07-10 17:54:17,0 days 06:37:28
1147,2025-07-11 11:10:45,2025-07-11 17:54:58,0 days 06:44:13
1148,2025-07-12 11:04:47,2025-07-12 17:55:37,0 days 06:50:50
1149,2025-07-13 10:58:53,2025-07-13 17:56:12,0 days 06:57:19
1150,2025-07-14 10:53:04,2025-07-14 17:56:44,0 days 07:03:40
1151,2025-07-15 10:47:19,2025-07-15 17:57:13,0 days 07:09:54
1152,2025-07-16 10:41:37,2025-07-16 17:57:38,0 days 07:16:01
1153,2025-07-17 10:36:00,2025-07-17 17:57:59,0 days 07:21:59
1154,2025-07-18 10:30:28,2025-07-18 17:58:17,0 days 07:27:49
1155,2025-07-19 10:24:59,2025-07-19 17:58:32,0 days 07:33:33
1156,2025-07-20 10:19:36,2025-07-20 17:58:44,0 days 07:39:08
1157,2025-07-21 10:14:18,2025-07-21 17:58:54,0 days 07:44:36
1158,2025-07-22 10:09:06,2025-07-22 17:59:03,0 days 07:49:57
1159,2025-07-23 10:04:00,2025-07-23 17:59:10,0 days 07:55:10
1160,2025-07-24 09:59:01,2025-07-24 17:59:17,0 days 08:00:16
1161,2025-07-25 09:54:09,2025-07-25 17:59:25,0 days 08:05:16
1162,2025-07-26 09:49:26,2025-07-26 17:59:35,0 days 08:10:09
1163,2025-07-27 09:44:50,2025-07-27 17:59:46,0 days 08:14:56
1164,2025-07-28 09:40:22,2025-07-28 18:00:00,0 days 08:19:38
1165,2025-07-29 09:36:02,2025-07-29 18:00:17,0 days 08:24:15
1166,2025-07-30 09:31:50,2025-07-30 18:00:37,0 days 08:28:47
1167,2025-07-31 09:27:47,2025-07-31 18:01:01,0 days 08:33:14
1168,2025-08-01 09:23:51,2025-08-01 18:01:29,0 days 08:37:38
1169,2025-08-02 09:20:03,2025-08-02 18:02:01,0 days 08:41:58
1170,2025-08-03 09:16:22,2025-08-03 18:02:36,0 days 08:46:14
1171,2025-08-04 09:12:48,2025-08-04 18:03:16,0 days 08:50:28
1172,2025-08-05 09:09:21,2025-08-05 18:04:00,0 days 08:54:39
1173,2025-08-06 09:06:01,2025-08-06 18:04:48,0 days 08:58:47
1174,2025-08-07 09:02:47,2025-08-07 18:05:40,0 days 09:02:53
1175,2025-08-08 08:59:39,2025-08-08 18:06:35,0 days 09:06:56
1176,2025-08-09 08:56:37,2025-08-09 18:07:34,0 days 09:10:57
1177,2025-08-10 08:53:40,2025-08-10 18:08:36,0 days 09:14:56
1178,2025-08-11 08:50:49,2025-08-11 18:09:40,0 days 09:18:51
1179,2025-08-12 08:48:03,2025-08-12 18:10:47,0 days 09:22:44
1180,2025-08-13 08:45:22,2025-08-13 18:11:55,0 days 09:26:33
1181,2025-08-14 08:42:47,2025-08-14 18:13:05,0 days 09:30:18
1182,2025-08-15 08:40:17,2025-08-15 18:14:18,0 days 09:34:01
1183,2025-08-16 08:37:54,2025-08-16 18:15:32,0 days 09:37:38
1184,2025-08-17 08:35:37,2025-08-17 18:16:48,0 days 09:41:11
1185,2025-08-18 08:33:27,2025-08-18 18:18:07,0 days 09:44:40
1186,2025-08-19 08:31:24,2025-08-19 18:19:29,0 days 09:48:05
1187,2025-08-20 08:29:30,2025-08-20 18:20:55,0 days 09:51:25
1188,2025-08-21 08:27:45,2025-08-21 18:22:26,0 days 09:54:41
1189,2025-08-22 08:26:08,2025-08-22 18:24:02,0 days 09:57:54
1190,2025-08-23 08:24:41,2025-08-23 18:25:44,0 days 10:01:03
1191,2025-08-24 08:23:24,2025-08-24 18:27:32,0 days 10:04:08
1192,2025-08-25 08:22:17,2025-08-25 18:29:28,0 days 10:07:11
1193,2025-08-26 08:21:20,2025-08-26 18:31:31,0 days 10:10:11
1194,2025-08-27 08:20:33,2025-08-27 18:33:43,0 days 10:13:10
1195,2025-08-28 08:19:57,2025-08-28 18:36:03,0 days 10:16:06
1196,2025-08-29 08:19:31,2025-08-29 18:38:32,0 days 10:19:01
1197,2025-08-30 08:19:15,2025-08-30 18:41:11,0 days 10:21:56
1198,2025-08-31 08:19:10,2025-08-31 18:43:59,0 days 10:24:49
1199,2025-09-01 08:19:15,2025-09-01 18:46:56,0 days 10:27:41
1200,2025-09-02 08:19:30,2025-09-02 18:50:03,0 days 10:30:33
1201,2025-09-03 08:19:56,2025-09-03 18:53:19,0 days 10:33:23
1202,2025-09-04 08:20:32,2025-09-04 18:56:44,0 days 10:36:12
1203,2025-09-05 08:21:17,2025-09-05 19:00:17,0 days 10:39:00
1204,2025-09-06 08:22:13,2025-09-06 19:03:59,0 days 10:41:46
1205,2025-09-07 08:23:19,2025-09-07 19:07:48,0 days 10:44:29
1206,2025-09-08 08:24:34,2025-09-08 19:11:44,0 days 10:47:10
1207,2025-09-09 08:25:59,2025-09-09 19:15:46,0 days 10:49:47
1208,2025-09-10 08:27:34,2025-09-10 19:19:54,0 days 10:52:20
1209,2025-09-11 08:29:19,2025-09-11 19:24:06,0 days 10:54:47
1210,2025-09-12 08:31:14,2025-09-12 19:28:21,0 days 10:57:07
1211,2025-09-13 08:33:19,2025-09-13 19:32:40,0 days 10:59:21
1212,2025-09-14 08:35:35,2025-09-14 19:37:02,0 days 11:01:27
1213,2025-09-15 08:38:01,2025-09-15 19:41:25,0 days 11:03:24
1214,2025-09-16 08:40:38,2025-09-16 19:45:51,0 days 11:05:13
1215,2025-09-17 08:43:26,2025-09-17 19:50:19,0 days 11:06:53
1216,2025-09-18 08:46:24,2025-09-18 19:54:48,0 days 11:08:24
1217,2025-09-19 08:49:33,2025-09-19 19:59:19,0 days 11:09:46
1218,2025-09-20 08:52:53,2025-09-20 20:03:51,0 days 11:10:58
1219,2025-09-21 08:56:22,2025-09-21 20:08:25,0 days 11:12:03
1220,2025-09-22 09:00:02,2025-09-22 20:13:00,0 days 11:12:58
1221,2025-09-23 09:03:50,2025-09-23 20:17:35,0 days 11:13:45
1222,2025-09-24 09:07:47,2025-09-24 20:22:12,0 days 11:14:25
1223,2025-09-25 09:11:53,2025-09-25 20:26:49,0 days 11:14:56
1224,2025-09-26 09:16:05,2025-09-26 20:31:25,0 days 11:15:20
1225,2025-09-27 09:20:24,2025-09-27 20:36:02,0 days 11:15:38
1226,2025-09-28 09:24:49,2025-09-28 20:40:37,0 days 11:15:48
1227,2025-09-29 09:29:19,2025-09-29 20:45:11,0 days 11:15:52
1228,2025-09-30 09:33:52,2025-09-30 20:49:43,0 days 11:15:51
1229,2025-10-01 09:38:29,2025-10-01 20:54:12,0 days 11:15:43
1230,2025-10-02 09:43:09,2025-10-02 20:58:38,0 days 11:15:29
1231,2025-10-03 09:47:50,2025-10-03 21:03:00,0 days 11:15:10
1232,2025-10-04 09:52:31,2025-10-04 21:07:16,0 days 11:14:45
1233,2025-10-05 09:57:13,2025-10-05 21:11:27,0 days 11:14:14
1234,2025-10-06 10:01:53,2025-10-06 21:15:31,0 days 11:13:38
1235,2025-10-07 10:06:32,2025-10-07 21:19:28,0 days 11:12:56
1236,2025-10-08 10:11:08,2025-10-08 21:23:15,0 days 11:12:07
1237,2025-10-09 10:15:40,2025-10-09 21:26:52,0 days 11:11:12
1238,2025-10-10 10:20:08,2025-10-10 21:30:18,0 days 11:10:10
1239,2025-10-11 10:24:30,2025-10-11 21:33:32,0 days 11:09:02
1240,2025-10-12 10:28:47,2025-10-12 21:36:35,0 days 11:07:48
1241,2025-10-13 10:32:56,2025-10-13 21:39:24,0 days 11:06:28
1242,2025-10-14 10:36:58,2025-10-14 21:42:02,0 days 11:05:04
1243,2025-10-15 10:40:51,2025-10-15 21:44:26,0 days 11:03:35
1244,2025-10-16 10:44:35,2025-10-16 21:46:39,0 days 11:02:04
1245,2025-10-17 10:48:10,2025-10-17 21:48:40,0 days 11:00:30
1246,2025-10-18 10:51:34,2025-10-18 21:50:29,0 days 10:58:55
1247,2025-10-19 10:54:49,2025-10-19 21:52:08,0 days 10:57:19
1248,2025-10-20 10:57:53,2025-10-20 21:53:37,0 days 10:55:44
1249,2025-10-21 11:00:46,2025-10-21 21:54:56,0 days 10:54:10
1250,2025-10-22 11:03:28,2025-10-22 21:56:07,0 days 10:52:39
1251,2025-10-23 11:06:00,2025-10-23 21:57:09,0 days 10:51:09
1252,2025-10-24 11:08:21,2025-10-24 21:58:04,0 days 10:49:43
1253,2025-10-25 11:10:32,2025-10-25 21:58:53,0 days 10:48:21
1254,2025-10-26 11:12:32,2025-10-26 21:59:35,0 days 10:47:03
1255,2025-10-27 11:14:22,2025-10-27 22:00:12,0 days 10:45:50
1256,2025-10-28 11:16:02,2025-10-28 22:00:43,0 days 10:44:41
1257,2025-10-29 11:17:33,2025-10-29 22:01:10,0 days 10:43:37
1258,2025-10-30 11:18:55,2025-10-30 22:01:33,0 days 10:42:38
1259,2025-10-31 11:20:08,2025-10-31 22:01:51,0 days 10:41:43
1260,2025-11-01 11:21:12,2025-11-01 22:02:06,0 days 10:40:54
1261,2025-11-02 11:22:09,2025-11-02 22:02:17,0 days 10:40:08
1262,2025-11-03 11:22:58,2025-11-03 22:02:24,0 days 10:39:26
1263,2025-11-04 11:23:39,2025-11-04 22:02:27,0 days 10:38:48
1264,2025-11-05 11:24:12,2025-11-05 22:02:25,0 days 10:38:13
1265,2025-11-06 11:24:39,2025-11-06 22:02:18,0 days 10:37:39
1266,2025-11-07 11:24:57,2025-11-07 22:02:05,0 days 10:37:08
1267,2025-11-08 11:25:07,2025-11-08 22:01:47,0 days 10:36:40
1268,2025-11-09 11:25:08,2025-11-09 22:01:22,0 days 10:36:14
1269,2025-11-10 11:25:00,2025-11-10 22:00:51,0 days 10:35:51
1270,2025-11-11 11:24:43,2025-11-11 22:00:14,0 days 10:35:31
1271,2025-11-12 11:24:17,2025-11-12 21:59:31,0 days 10:35:14
1272,2025-11-13 11:23:41,2025-11-13 21:58:42,0 days 10:35:01
1273,2025-11-14 11:22:55,2025-11-14 21:57:47,0 days 10:34:52
1274,2025-11-15 11:21:59,2025-11-15 21:56:48,0 days 10:34:49
1275,2025-11-16 11:20:53,2025-11-16 21:55:44,0 days 10:34:51
1276,2025-11-17 11:19:37,2025-11-17 21:54:37,0 days 10:35:00
1277,2025-11-18 11:18:11,2025-11-18 21:53:26,0 days 10:35:15
1278,2025-11-19 11:16:36,2025-11-19 21:52:12,0 days 10:35:36
1279,2025-11-20 11:14:52,2025-11-20 21:50:56,0 days 10:36:04
1280,2025-11-21 11:12:59,2025-11-21 21:49:38,0 days 10:36:39
1281,2025-11-22 11:10:58,2025-11-22 21:48:19,0 days 10:37:21
1282,2025-11-23 11:08:48,2025-11-23 21:47:00,0 days 10:38:12
1283,2025-11-24 11:06:31,2025-11-24 21:45:40,0 days 10:39:09
1284,2025-11-25 11:04:07,2025-11-25 21:44:20,0 days 10:40:13
1285,2025-11-26 11:01:37,2025-11-26 21:43:02,0 days 10:41:25
1286,2025-11-27 10:59:00,2025-11-27 21:41:44,0 days 10:42:44
1287,2025-11-28 10:56:19,2025-11-28 21:40:27,0 days 10:44:08
1288,2025-11-29 10:53:32,2025-11-29 21:39:12,0 days 10:45:40
1289,2025-11-30 10:50:40,2025-11-30 21:37:58,0 days 10:47:18
1290,2025-12-01 10:47:45,2025-12-01 21:36:46,0 days 10:49:01
1291,2025-12-02 10:44:46,2025-12-02 21:35:35,0 days 10:50:49
1292,2025-12-03 10:41:42,2025-12-03 21:34:24,0 days 10:52:42
1293,2025-12-04 10:38:35,2025-12-04 21:33:14,0 days 10:54:39
1294,2025-12-05 10:35:24,2025-12-05 21:32:04,0 days 10:56:40
1295,2025-12-06 10:32:09,2025-12-06 21:30:53,0 days 10:58:44
1296,2025-12-07 10:28:48,2025-12-07 21:29:41,0 days 11:00:53
1297,2025-12-08 10:25:22,2025-12-08 21:28:28,0 days 11:03:06
1298,2025-12-09 10:21:50,2025-12-09 21:27:15,0 days 11:05:25
1299,2025-12-10 10:18:12,2025-12-10 21:26:00,0 days 11:07:48
1300,2025-12-11 10:14:27,2025-12-11 21:24:44,0 days 11:10:17
1301,2025-12-12 10:10:37,2025-12-12 21:23:27,0 days 11:12:50
1302,2025-12-13 10:06:39,2025-12-13 21:22:10,0 days 11:15:31
1303,2025-12-14 10:02:35,2025-12-14 21:20:52,0 days 11:18:17
1304,2025-12-15 09:58:25,2025-12-15 21:19:35,0 days 11:21:10
1305,2025-12-16 09:54:09,2025-12-16 21:18:19,0 days 11:24:10
1306,2025-12-17 09:49:48,2025-12-17 21:17:04,0 days 11:27:16
1307,2025-12-18 09:45:21,2025-12-18 21:15:50,0 days 11:30:29
1308,2025-12-19 09:40:50,2025-12-19 21:14:38,0 days 11:33:48
1309,2025-12-20 09:36:14,2025-12-20 21:13:29,0 days 11:37:15
1310,2025-12-21 09:31:36,2025-12-21 21:12:23,0 days 11:40:47
1311,2025-12-22 09:26:54,2025-12-22 21:11:20,0 days 11:44:26
1312,2025-12-23 09:22:10,2025-12-23 21:10:21,0 days 11:48:11
1313,2025-12-24 09:17:25,2025-12-24 21:09:26,0 days 11:52:01
1314,2025-12-25 09:12:39,2025-12-25 21:08:36,0 days 11:55:57
1315,2025-12-26 09:07:54,2025-12-26 21:07:51,0 days 11:59:57
1316,2025-12-27 09:03:09,2025-12-27 21:07:10,0 days 12:04:01
1317,2025-12-28 08:58:25,2025-12-28 21:06:34,0 days 12:08:09
1318,2025-12-29 08:53:43,2025-12-29 21:06:04,0 days 12:12:21
1319,2025-12-30 08:49:02,2025-12-30 21:05:38,0 days 12:16:36
1320,2025-12-31 08:44:24,2025-12-31 21:05:17,0 days 12:20:53
1321,2026-01-01 08:39:47,2026-01-01 21:05:00,0 days 12:25:13
1322,2026-01-02 08:35:12,2026-01-02 21:04:47,0 days 12:29:35
1323,2026-01-03 08:30:39,2026-01-03 21:04:38,0 days 12:33:59
1324,2026-01-04 08:26:06,2026-01-04 21:04:32,0 days 12:38:26
1325,2026-01-05 08:21:34,2026-01-05 21:04:28,0 days 12:42:54
1326,2026-01-06 08:17:02,2026-01-06 21:04:28,0 days 12:47:26
1327,2026-01-07 08:12:30,2026-01-07 21:04:30,0 days 12:52:00
1328,2026-01-08 08:07:59,2026-01-08 21:04:35,0 days 12:56:36
1329,2026-01-09 08:03:27,2026-01-09 21:04:42,0 days 13:01:15
1330,2026-01-10 07:58:55,2026-01-10 21:04:53,0 days 13:05:58
1331,2026-01-11 07:54:24,2026-01-11 21:05:07,0 days 13:10:43
1332,2026-01-12 07:49:53,2026-01-12 21:05:24,0 days 13:15:31
1333,2026-01-13 07:45:24,2026-01-13 21:05:44,0 days 13:20:20
1334,2026-01-14 07:40:57,2026-01-14 21:06:09,0 days 13:25:12
1335,2026-01-15 07:36:33,2026-01-15 21:06:38,0 days 13:30:05
1336,2026-01-16 07:32:11,2026-01-16 21:07:12,0 days 13:35:01
1337,2026-01-17 07:27:54,2026-01-17 21:07:50,0 days 13:39:56
1338,2026-01-18 07:23:42,2026-01-18 21:08:34,0 days 13:44:52
1339,2026-01-19 07:19:36,2026-01-19 21:09:23,0 days 13:49:47
1340,2026-01-20 07:15:37,2026-01-20 21:10:19,0 days 13:54:42
1341,2026-01-21 07:11:45,2026-01-21 21:11:20,0 days 13:59:35
1342,2026-01-22 07:08:02,2026-01-22 21:12:28,0 days 14:04:26
1343,2026-01-23 07:04:29,2026-01-23 21:13:42,0 days 14:09:13
1344,2026-01-24 07:01:06,2026-01-24 21:15:03,0 days 14:13:57
1345,2026-01-25 06:57:54,2026-01-25 21:16:30,0 days 14:18:36
1346,2026-01-26 06:54:54,2026-01-26 21:18:04,0 days 14:23:10
1347,2026-01-27 06:52:06,2026-01-27 21:19:44,0 days 14:27:38
1348,2026-01-28 06:49:30,2026-01-28 21:21:29,0 days 14:31:59
1349,2026-01-29 06:47:06,2026-01-29 21:23:20,0 days 14:36:14
1350,2026-01-30 06:44:54,2026-01-30 21:25:15,0 days 14:40:21
1351,2026-01-31 06:42:54,2026-01-31 21:27:15,0 days 14:44:21
